scorer,DLC_resnet101_multipointsFeb7shuffle1_26000.3,DLC_resnet101_multipointsFeb7shuffle1_26000.4,DLC_resnet101_multipointsFeb7shuffle1_26000.5,DLC_resnet101_multipointsFeb7shuffle1_26000.9,DLC_resnet101_multipointsFeb7shuffle1_26000.10,DLC_resnet101_multipointsFeb7shuffle1_26000.11,DLC_resnet101_multipointsFeb7shuffle1_26000.39,DLC_resnet101_multipointsFeb7shuffle1_26000.40,DLC_resnet101_multipointsFeb7shuffle1_26000.41,DLC_resnet101_multipointsFeb7shuffle1_26000.42,DLC_resnet101_multipointsFeb7shuffle1_26000.43,DLC_resnet101_multipointsFeb7shuffle1_26000.44,DLC_resnet101_multipointsFeb7shuffle1_26000.45,DLC_resnet101_multipointsFeb7shuffle1_26000.46,DLC_resnet101_multipointsFeb7shuffle1_26000.47
bodyparts,bodypart2,bodypart2,bodypart2,bodypart4,bodypart4,bodypart4,bodypart14,bodypart14,bodypart14,bodypart15,bodypart15,bodypart15,bodypart16,bodypart16,bodypart16
coords,x,y,likelihood,x,y,likelihood,x,y,likelihood,x,y,likelihood,x,y,likelihood
0,1216.366333,653.4299316,0.517096937,1210.56311,649.1374512,0.026427366,1210.787109,654.7297363,0.071451619,1216.470581,682.2617798,0.024177041,743.5441895,214.4582214,0.042178657
1,1218.051636,655.3519897,0.625944257,1210.459717,634.1732178,0.027082799,1211.05835,655.0667114,0.076908782,1216.029419,681.6057129,0.022760581,743.4289551,214.3854675,0.039965197
2,1217.77417,655.6829224,0.591904938,1210.282471,648.7930298,0.023310263,1211.366211,655.4481201,0.071749888,1215.204956,682.4017334,0.021905798,743.2989502,214.3069,0.038455516
3,1217.034912,656.5621948,0.638203502,1210.717407,634.0072021,0.029077344,1210.769043,656.7854614,0.066640183,1214.850586,683.3087769,0.021891236,743.2670898,214.4436493,0.038932968
4,1217.564209,656.6104126,0.600035787,1210.399536,633.7219238,0.028325135,1205.707642,655.9891968,0.07232675,746.9005737,217.5608368,0.018140372,743.3583374,214.478363,0.040397268
5,1216.3125,656.9136963,0.695969164,1210.498779,634.5835571,0.020859623,1204.721558,656.7963257,0.068729796,746.8106689,217.6662445,0.016943008,743.2238159,214.6184845,0.039093103
6,1208.95813,655.951355,0.662668169,1210.479736,634.7368164,0.021403581,1204.676514,657.0532227,0.063773759,1212.841431,661.8066406,0.017766748,743.1046143,214.6363525,0.038448066
7,1208.139771,656.7971191,0.723536968,1210.153198,634.7498779,0.022738531,1203.688599,657.3596191,0.06162009,1212.517944,662.0593262,0.01884209,743.0855713,214.5636597,0.039147906
8,1207.799316,657.3601685,0.702265799,1210.71936,633.9951172,0.026395487,1203.562134,657.8651123,0.070820846,1214.948853,672.6143799,0.01881361,743.0252686,214.4430389,0.040087998
9,1207.317993,658.4559326,0.788767099,1210.263062,635.307373,0.023693293,1203.133179,658.0136108,0.08172635,1213.60144,673.6574707,0.016668454,743.1323853,214.5094604,0.038014099
10,1207.200439,660.4638672,0.756008446,1210.817993,634.9532471,0.019040434,1202.559937,658.0507202,0.061792865,1201.669678,694.9909058,0.024324169,743.1126099,214.6171265,0.036615115
11,1206.968994,662.0390015,0.729229391,1194.140503,647.9956665,0.018380953,1202.473633,658.937561,0.061309163,1202.433594,695.6565552,0.018501272,743.1196289,214.6082611,0.036232118
12,1206.144531,663.1976318,0.712863564,430.8623047,862.9802856,0.017590631,1202.056396,658.9280396,0.058754161,1199.427368,708.9667358,0.01737459,743.0799561,214.6082916,0.036247183
13,1206.392944,663.1551514,0.743934095,1192.084595,716.4552002,0.019834617,1203.015259,659.0105591,0.056993105,1198.647095,709.1401978,0.027191635,743.2858887,214.4898224,0.038967382
14,1205.499146,664.2424927,0.725096226,1191.640015,715.8950806,0.028566996,1203.661621,669.6846313,0.054441769,1197.800049,709.4967651,0.041304074,743.2962036,214.4779053,0.040949635
15,1203.795776,666.1542969,0.735060334,1198.157959,638.6257935,0.020059258,1217.289917,676.9442749,0.082411081,1197.188354,709.1257935,0.027231479,743.380249,214.401947,0.041135635
16,1201.827637,666.5703735,0.669813275,1200.208252,636.9146118,0.029692044,1201.385498,664.3230591,0.097733669,1195.838135,708.3598022,0.021971934,743.3885498,214.2553253,0.039884511
17,1201.84668,672.0820313,0.782518685,1200.489502,636.6218262,0.044143375,1201.920776,665.6539307,0.102325298,1195.215576,708.3431396,0.019927688,743.3392944,214.2904053,0.038320262
18,1192.208496,672.0133057,0.854707837,1204.109009,635.1945801,0.047978047,1202.683594,666.6991577,0.128935158,1195.453003,708.1865845,0.020811008,743.28479,214.3124847,0.038435377
19,1190.637695,672.7318115,0.904585063,1204.022095,633.600647,0.117707014,1202.174805,676.2713013,0.19567202,1194.697998,707.5219116,0.024623157,743.2377319,214.3074951,0.036954563
20,1189.112427,673.7207642,0.889997005,1200.18811,632.5925903,0.127772287,1201.850708,676.6310425,0.217888802,1193.007568,708.2602539,0.029471468,743.2591553,214.4939575,0.038116809
21,1187.505371,675.7097778,0.91487813,1204.147461,632.2562866,0.294644386,1202.214722,677.4616699,0.44481039,1191.595947,708.9361572,0.027539929,743.0940552,214.4926605,0.036974583
22,1184.629639,676.9205322,0.864487946,1206.191895,633.0581665,0.557602167,1201.461182,678.6661377,0.509580255,1191.690674,709.3242188,0.029841401,743.0065918,214.5289917,0.033367716
23,1178.720337,677.6825562,0.874792576,1206.60022,633.0073242,0.589341462,1200.36438,679.9552002,0.569291115,1191.455078,709.7160034,0.03492311,743.0969238,214.5351563,0.031641178
24,1176.717407,680.0377197,0.890844524,1205.608276,633.1281738,0.660114169,1197.356934,680.0009766,0.516976595,1190.398315,708.9454956,0.026911486,743.3158569,214.5223541,0.033659503
25,1175.639282,680.5198975,0.885453284,1205.739136,634.3094482,0.776855588,1196.093506,680.12323,0.462414712,1181.003174,691.1962891,0.020217318,743.3122559,214.4116669,0.033633996
26,1173.276978,681.6456909,0.886149943,1204.442017,634.9335327,0.817649007,1188.034424,680.8737183,0.588162303,1179.309937,709.6987305,0.0204219,743.2709961,214.3626709,0.036150377
27,1171.07019,682.2872314,0.895149767,1203.444214,635.6623535,0.84147197,1187.052734,681.3869629,0.615020812,1155.64856,710.6274414,0.023146003,743.3310547,214.4698639,0.038311187
28,1169.623657,682.6046753,0.871963322,1203.256348,635.4578247,0.822694659,1186.497559,681.642334,0.595855772,1170.298584,692.7285767,0.021334635,743.2174072,214.6324005,0.038880698
29,1168.244263,685.4463501,0.888988733,1202.737671,635.9199829,0.825808465,1185.986328,682.3956909,0.594298184,1170.280518,692.7186279,0.025946023,743.1417847,214.5949249,0.034184426
30,1166.942749,686.5432129,0.872958899,1201.717163,636.7890625,0.843560755,1184.749023,682.7930908,0.575574398,1169.80835,692.9110107,0.027679656,743.0457153,214.6064301,0.034158979
31,1163.909302,684.6870117,0.883655667,1201.671875,636.9697266,0.858547807,1187.213989,688.1971436,0.647066057,1169.141235,693.3357544,0.029174829,742.9927368,214.6303406,0.034607269
32,1162.934937,684.9493408,0.902526855,1200.841431,637.3580933,0.837554455,1186.485962,689.0512085,0.623470902,1168.234497,693.6369019,0.024740264,743.0372925,214.6835938,0.034561779
33,1163.083618,685.3814087,0.899533749,1200.437378,637.3616333,0.835199535,1186.227661,688.5082397,0.659928024,1168.039917,693.6359863,0.02452752,743.1050415,214.5155792,0.037755951
34,1162.574341,686.5368652,0.912439048,1198.796753,637.7674561,0.791385651,1185.233643,689.1262207,0.640474737,1167.166504,693.9649048,0.022612698,743.1381836,214.4862366,0.036347687
35,1162.57019,687.7282104,0.92398423,1194.284546,636.2711182,0.828883529,1184.786621,689.385437,0.647873223,1166.883545,693.8002319,0.022931781,743.3205566,214.6250916,0.040145516
36,1161.236328,688.7301025,0.934216142,1194.318481,636.8138428,0.823426723,1183.309204,689.3455811,0.64909941,1165.900146,693.6397095,0.021106489,743.4112549,214.7258606,0.044650096
37,1160.000488,688.5823975,0.938507617,1194.084961,637.239563,0.838533103,1182.045288,689.6196289,0.642822444,1165.574829,693.8972778,0.020141954,743.1882935,214.4749603,0.040532161
38,1159.357788,689.1395874,0.937332571,1193.152832,637.1807251,0.8514148,1181.037231,690.1954346,0.620968997,1164.654541,723.6242676,0.022584699,743.1994019,214.5195618,0.039648779
39,1158.29126,688.913147,0.942317009,1193.110596,637.237854,0.853009343,1180.033081,690.3048706,0.611821115,1164.381592,723.9693604,0.023464166,743.0784302,214.5461578,0.038353946
40,1157.074097,689.1592407,0.938238442,1191.42334,637.5523682,0.853950799,1178.361938,690.4068604,0.560765743,1163.80957,724.2294922,0.023117024,743.0162964,214.5722351,0.037501778
41,1155.901489,689.7995605,0.933982015,1191.220337,637.0808105,0.86781925,1173.39917,689.1727295,0.56191951,1163.348633,724.6759644,0.024921851,743.001709,214.6527557,0.036486231
42,1154.903809,690.3477783,0.925169706,1191.109619,637.3455811,0.858495474,1172.569458,690.4638062,0.629728973,1162.739624,724.8261719,0.025717882,743.0319824,214.6575317,0.037792284
43,1153.406616,690.6652832,0.910400927,1190.544556,637.5352783,0.863184988,1172.628784,690.7711182,0.655633092,1162.385254,724.3467407,0.021606678,743.1314697,214.7664185,0.039341208
44,1152.296021,690.9465332,0.898471594,1189.011841,637.333313,0.86539495,1172.282471,691.9644165,0.672147751,1153.680786,704.0145264,0.023683123,743.1536865,214.7462158,0.039689705
45,1148.136597,691.0612793,0.907509029,1188.814087,637.5279541,0.867316306,1171.960205,692.1851807,0.707806468,1152.698853,704.3639526,0.025686156,743.1853027,214.8047791,0.040660828
46,1147.307129,691.4859009,0.927973032,1188.205566,637.6928101,0.866741717,1171.446899,692.8674927,0.706580698,1152.0177,704.5372314,0.021491513,743.1980591,214.804184,0.041852273
47,1146.369507,691.9017334,0.930963516,1188.192749,638.0897217,0.875166297,1170.325073,693.0390015,0.680095494,1140.633789,705.0745239,0.020516438,743.1821899,214.832901,0.040067658
48,1145.461426,692.1375732,0.935826659,1187.015991,638.1359863,0.851247549,1168.098999,693.2105103,0.629734814,1150.490112,704.3978271,0.020785609,743.0872192,214.9465027,0.04080724
49,1144.410522,692.8876343,0.94148922,1190.227295,639.5021362,0.834593773,1166.99231,693.3945313,0.64956218,746.8150024,217.7769623,0.018943161,743.2314453,214.8819275,0.042522874
50,1143.577393,693.0841675,0.942942202,1189.752686,639.9150391,0.850937188,1165.192017,692.928894,0.637059331,1160.099854,724.6134644,0.022805167,743.1611938,214.9221802,0.04169732
51,1142.402588,691.7582397,0.945553899,1188.314575,641.0913086,0.838928223,1164.069702,692.6169434,0.6479581,1139.688599,705.3245239,0.019872501,743.0977173,214.8606873,0.040279258
52,1140.304199,691.5213013,0.934173703,1186.989868,641.6067505,0.810485482,1162.562134,692.7913818,0.588076413,1139.117554,704.8952637,0.022813296,743.1470337,214.8375854,0.040722907
53,1138.476807,691.5019531,0.929566205,1188.408569,640.4834595,0.821014881,1158.247559,691.5144653,0.642701268,1138.493286,704.4226074,0.026946504,743.1231689,214.8257751,0.037236113
54,1136.589966,691.6673584,0.914217234,1179.839966,637.5639038,0.77763617,1157.411743,692.3852539,0.693228543,1137.501221,704.5583496,0.025996128,743.0464478,214.8623199,0.03501875
55,1134.770508,693.2836914,0.898487389,1179.486206,637.8931885,0.814420223,1156.983643,693.1035156,0.746854663,1137.339478,705.0493164,0.023383547,743.1090088,214.7596436,0.034275573
56,1132.362549,690.9400635,0.903137743,1178.547363,638.112854,0.837487578,1155.277588,693.8478394,0.691385388,1136.510986,704.8292236,0.020706525,743.0877686,214.6839752,0.03383743
57,1130.199463,692.0515747,0.924278736,1178.891479,638.2606812,0.839659393,1152.427856,694.1117554,0.725215852,1136.262085,704.6099243,0.023327114,742.9310303,214.7377625,0.033173084
58,1128.293457,692.3685303,0.930012047,1178.303711,638.4390869,0.835173368,1151.141724,694.3092041,0.687716007,1134.537842,704.5859985,0.021536147,742.8720093,214.9257965,0.033203263
59,1126.460571,693.0321655,0.930680096,1179.049927,638.1434326,0.856443226,1149.79126,694.0458984,0.696504295,1132.918213,704.2962036,0.02445413,742.8712158,214.9950256,0.032812297
60,1124.418213,692.9661255,0.927453458,1178.359985,638.5534668,0.871986628,1147.99353,693.3103027,0.626689613,1123.492188,706.0270996,0.020830451,742.6978149,214.948822,0.030282184
61,1122.436523,693.2175293,0.922850013,1177.490112,638.4720459,0.857451439,1144.387207,693.4360352,0.653612912,1122.987671,705.7982788,0.024833124,742.8919067,214.8563995,0.033681974
62,1120.28186,693.7235107,0.901323795,1176.414795,638.2196045,0.835995495,1143.789307,694.8909912,0.714852929,1121.731323,706.2650146,0.023990802,743.0227051,214.8059692,0.033995651
63,1118.905884,694.55896,0.883358657,1175.682251,638.4614868,0.799362779,1142.895142,694.916687,0.752348542,1121.338257,706.5771484,0.025121849,743.133667,214.6839905,0.035584621
64,1115.168335,693.1893921,0.864530861,1173.954224,639.3605957,0.786276519,1141.683105,695.4103394,0.743387938,1120.742188,707.007019,0.022727409,743.3064575,214.7030792,0.038820516
65,1113.637939,694.27771,0.885667443,1165.581299,637.8939209,0.765282094,1139.611572,695.6442261,0.740175545,1120.382324,707.0670776,0.022128534,743.2797241,214.7669678,0.039736822
66,1112.639893,695.2033691,0.882601738,1164.884277,638.1853638,0.801728487,1138.044434,696.2833252,0.71873951,1119.461182,707.0768433,0.02416149,1242.90918,639.6160889,0.05932606
67,1111.262695,694.9746704,0.887912154,1163.933228,638.255127,0.830152273,1136.624878,696.3339844,0.680588126,1238.75708,641.1040649,0.024161365,1241.758789,640.1671753,0.095420204
68,1110.094971,695.0884399,0.880340874,1163.900146,637.9868164,0.835759103,1135.257202,696.2073975,0.703425705,1117.010498,706.8256836,0.026612826,1241.7229,640.2588501,0.065111272
69,1108.028076,695.4228516,0.899259448,1162.8302,637.1293335,0.851149261,1135.598022,698.2396851,0.682417631,1115.499634,706.4539185,0.025858663,743.3115234,214.6104889,0.036903795
70,1107.076782,695.8583984,0.887916565,1163.116211,636.9580688,0.842256248,1134.718262,698.8247681,0.657669663,1114.881836,706.7728271,0.022537777,743.2523804,214.6686401,0.037641089
71,1105.466431,696.2044067,0.882049024,1162.572998,637.7907715,0.849400938,1133.512817,698.8259888,0.659703851,1114.245972,707.6224365,0.024410022,743.2029419,214.7539368,0.039003193
72,1103.968872,695.4976807,0.877583265,1161.446411,638.2380371,0.867584467,1128.97583,696.6781616,0.66790247,1113.407104,707.093689,0.026193084,742.946106,214.8435211,0.036027431
73,1103.257568,695.8874512,0.877766788,1160.520508,638.5124512,0.865271926,1128.353882,696.8797607,0.694100797,1106.084106,707.5059814,0.027565915,743.1044312,214.7448425,0.03749517
74,1098.424683,698.7634888,0.811426222,1160.575317,638.0987549,0.87357235,1127.404541,697.6412354,0.685793221,1108.115234,708.9269409,0.025555918,743.1783447,214.6472321,0.038881537
75,1098.632202,699.2104492,0.837680519,1159.343872,637.9761963,0.844786584,1125.9021,696.9018555,0.676041067,1104.547729,708.3883057,0.028741792,743.2860107,214.7243195,0.042761117
76,1097.636353,696.3792725,0.852887034,1158.760254,638.87146,0.852934361,1123.660645,701.0065308,0.727377176,1103.502563,708.00177,0.023817783,743.3442383,214.4569855,0.038802337
77,1096.994263,696.4776611,0.86109072,1158.4198,638.6682129,0.823664129,1123.105103,700.5541382,0.750926375,1106.564819,708.5390625,0.021932786,743.4463501,214.4083252,0.041112963
78,1095.827148,699.0369873,0.86462909,1158.167603,639.0101318,0.803789377,1121.848755,701.0387573,0.749079168,1105.946777,708.2832031,0.021252602,743.4289551,214.4171906,0.041120503
79,1094.801758,698.74823,0.872664392,1149.75647,639.3838501,0.790428162,1121.808716,700.5101318,0.74628824,1100.469238,708.7374878,0.023787102,743.3251343,214.4633484,0.04169837
80,1092.845459,697.1226196,0.864530444,1150.08313,639.230835,0.780954719,1119.567261,700.5638428,0.760422051,1099.38208,708.6660156,0.022250282,743.3284912,214.7427521,0.04572605
81,1090.690308,697.6630859,0.874030471,1148.549683,639.6392212,0.809295237,1117.804932,700.5675049,0.721581578,1098.541626,708.3120728,0.023492113,743.2242432,214.630127,0.043008447
82,1089.57251,696.8097534,0.869100451,1147.518311,638.9265137,0.799307227,1117.324463,700.0453491,0.696793437,1098.109009,708.1535645,0.023863237,743.1763916,214.6933441,0.041316953
83,1088.899414,696.6147461,0.861974835,1146.918213,638.984314,0.836529791,1116.94043,699.9250488,0.631448805,1097.554565,707.8475342,0.026326075,743.289856,214.6721191,0.04304621
84,1087.432617,696.355957,0.841007411,1146.380615,639.2470093,0.825939,1112.068481,701.3502808,0.663864076,1090.463867,707.87146,0.025023432,743.3184204,214.7418976,0.04645991
85,1085.571899,697.1142578,0.824564815,1145.826416,639.826416,0.826306581,1110.580444,701.4295044,0.73525697,1089.783691,707.6075439,0.029256683,743.3560181,214.5272369,0.044235304
86,1081.509521,696.0032959,0.835436761,1144.965454,640.1289673,0.842491627,1108.948975,701.8989258,0.740048945,1215.356934,653.4068604,0.044601161,1224.541626,642.7582397,0.053313173
87,1080.290771,696.9291382,0.855747104,1143.852417,640.0083618,0.821567774,1107.715454,701.9869385,0.765645087,1213.659546,654.9778442,0.097425364,1217.723633,651.7045898,0.095028147
88,1079.298218,696.9152832,0.866060913,1142.786865,639.9663086,0.799515545,1106.4375,701.9019165,0.758685112,1210.566528,653.4296875,0.288814515,1217.20874,647.416687,0.301766604
89,1078.316772,697.9814453,0.872450113,1142.699951,640.3843994,0.801390648,1105.840454,701.8530884,0.754563928,1211.526367,653.4556274,0.130680844,1216.481934,650.0251465,0.125570342
90,1077.421631,697.5892334,0.890763998,1141.547852,641.0462646,0.78114599,1104.928467,701.6712646,0.747014582,1211.115601,653.5957031,0.134081885,1216.16626,649.708374,0.132585183
91,1076.458862,697.2331543,0.905757487,1141.810669,641.5129395,0.758826077,1104.331909,700.9906616,0.733214676,1211.224365,654.2154541,0.07618916,1215.288818,650.9188843,0.082348518
92,1075.252808,696.9569092,0.897436202,1141.607666,641.4899292,0.737006485,1103.553467,700.9425049,0.761150241,1088.43396,706.0662231,0.02208901,743.3239136,214.4662628,0.036927961
93,1074.445679,696.7643433,0.900131881,1132.725098,640.7017822,0.75134939,1103.420898,700.3248901,0.734338105,1083.295044,707.034668,0.020113511,743.3440552,214.4881134,0.037189685
94,1073.653931,695.6068115,0.893580139,1131.246826,641.0795288,0.810571909,1102.250488,700.3572388,0.67957896,1082.982666,706.3577881,0.021573331,743.2058716,214.4847107,0.037285503
95,1072.424683,696.0303345,0.886105657,1130.875854,640.5198364,0.817439616,1101.166504,700.7949219,0.633112252,1082.167236,706.6622314,0.025261564,743.3131714,214.5271301,0.039986718
96,1070.404907,695.8522949,0.862672925,1129.341797,641.4725342,0.842770159,1096.611084,698.7384644,0.666093588,1076.984375,708.8911133,0.025954921,743.197937,214.6461792,0.039614361
97,1069.445801,695.81073,0.862891316,1128.983032,641.9053345,0.845060527,1096.038208,699.0611572,0.720843077,1076.53186,708.3187866,0.028128328,743.3334351,214.6140137,0.042415947
98,1066.720703,693.9185181,0.847862363,1128.334106,642.3450928,0.849367023,1095.388306,699.303894,0.725757182,1246.778076,675.737793,0.032292318,1253.502441,672.786499,0.102113716
99,1065.619019,694.8608398,0.88023001,1127.134033,642.564209,0.847989082,1094.076172,698.8487549,0.757170916,1245.938599,676.9196777,0.031450227,1252.841064,678.3079834,0.113574743
100,1064.761841,694.6068115,0.886393487,1125.802246,642.6079102,0.837644458,1092.241455,698.6915283,0.746145368,1075.023804,707.5715942,0.027935946,1252.782471,678.4406128,0.056418218
101,1063.868042,695.2763062,0.895381749,1125.276489,643.1806641,0.806343019,1091.209473,698.5393066,0.746272683,1241.57251,680.7885742,0.044830762,1252.189941,678.7419434,0.150601327
102,1062.301514,694.946228,0.897925794,1125.584473,642.8334961,0.802079916,1089.086548,701.0690918,0.743686855,1241.958374,680.1743774,0.055073176,1253.43335,679.3300171,0.217681035
103,1061.832153,695.1602173,0.907446444,1125.84082,642.6175537,0.795335591,1088.007324,700.8823242,0.74967432,1241.963013,681.0698242,0.030605486,1252.357666,678.8292847,0.118454844
104,1060.564087,694.6751709,0.904212654,1125.479004,643.1050415,0.78117615,1087.143188,700.3869629,0.724065959,1241.516357,682.34375,0.058536924,1252.527954,680.0576172,0.215776041
105,1058.524414,694.5053101,0.898465037,1126.264893,643.2788696,0.765582204,1086.348633,700.8106689,0.699637949,1240.350464,682.9719238,0.122755036,1251.595337,680.9751587,0.427042961
106,1058.093018,694.5511475,0.889932692,1115.660156,641.7315674,0.804335594,1085.760986,700.7498169,0.672308028,1239.904419,682.4904175,0.23005034,1251.08606,680.4714966,0.622291267
107,1056.624023,694.1568604,0.875260413,1115.653809,642.6161499,0.814692438,1085.037354,700.7425537,0.63776803,1237.474487,683.7075806,0.259705663,1249.297729,680.9785767,0.62834233
108,1054.93396,693.1258545,0.857566059,1115.078979,643.0721436,0.832879722,1079.9375,697.317627,0.653692842,1236.772705,685.0147095,0.255539238,1248.758789,682.0534668,0.581413865
109,1053.378418,693.9215088,0.843503952,1116.14502,642.2641602,0.814037859,1078.690308,697.4268188,0.697935522,1235.963745,686.6109009,0.361050993,1249.197144,682.8599243,0.615304291
110,1051.329102,692.9976196,0.846680462,1116.702271,642.088562,0.828057706,1078.159912,697.494812,0.720223367,1236.081909,687.4946899,0.332833499,1248.431763,686.3032227,0.576462805
111,1050.913452,693.6700439,0.867106974,1117.200439,642.1380615,0.809079885,1077.335205,697.5586548,0.738856256,1235.954712,687.6116333,0.298612535,1248.192627,686.2678223,0.53627187
112,1049.921997,693.513916,0.875706851,1116.802002,642.7746582,0.784398019,1076.566528,697.7175903,0.73262614,1234.075073,687.5028687,0.260155797,1247.279907,686.8456421,0.525035739
113,1049.090088,693.2133789,0.892141819,1116.67749,642.6992188,0.802788913,1075.937256,697.2661743,0.747401893,1232.86853,688.2814941,0.45177871,1246.314819,687.3670654,0.646273136
114,1047.924316,692.8369141,0.900355041,1116.568237,643.3397217,0.787085235,1075.074951,697.3015747,0.740063965,1233.95752,688.1226807,0.490558952,1246.550293,687.7302856,0.691257298
115,1047.094238,693.331543,0.898181438,1116.744629,643.1533813,0.772948205,1074.50293,697.7077026,0.740675926,1233.657837,689.3331909,0.518728614,1245.851318,688.6912231,0.720955312
116,1046.571411,693.9144897,0.895475566,1115.471191,643.6251221,0.77612263,1072.139771,700.8724976,0.734394193,1233.192871,689.5718994,0.480270147,1245.019897,689.5456543,0.60692817
117,1045.931152,693.8626099,0.901377678,1114.66272,644.1727295,0.725767016,1071.783569,700.8016968,0.702371478,1231.979492,690.5134888,0.586707294,1244.021362,689.3074341,0.65880847
118,1044.487305,693.5508423,0.88757199,1113.937378,644.2646484,0.736028492,1071.185913,700.7255249,0.70980376,1231.6698,691.1359863,0.550161362,1242.948975,690.039917,0.621290386
119,1043.717896,694.1383057,0.885119438,1114.71106,644.1860352,0.710670471,1070.513184,701.2179565,0.664885461,1230.338501,691.9611816,0.544955671,1241.623413,691.4962769,0.575215995
120,1042.168945,694.6793823,0.876277745,1113.138184,644.1224976,0.726672471,1070.126221,700.8410645,0.674049139,1229.47168,692.0655518,0.449421078,1242.30127,692.0740356,0.514196694
121,1040.693726,694.3408203,0.874438584,1114.445435,643.5529785,0.747331381,1069.948608,700.6374512,0.636495471,1229.139038,692.229187,0.572483063,1241.993408,693.0996094,0.633387983
122,1039.711792,694.1985474,0.857365847,1114.500366,643.8500366,0.754532933,1065.209961,698.5028076,0.648555934,1229.388184,692.5202026,0.569755077,1242.175049,693.5859985,0.650829434
123,1038.954224,694.1846313,0.85097909,1114.095825,643.9898071,0.753927469,1064.308838,698.0617676,0.664099157,1228.832642,693.3051758,0.60647577,1242.492432,693.4938965,0.681721628
124,1038.263306,693.5393677,0.832866907,1113.752686,644.3799438,0.77036643,1063.838623,698.5441284,0.684990287,1228.209839,694.1604004,0.543151736,1241.364014,694.1932983,0.706306815
125,1037.307617,693.7941895,0.828420162,1113.826782,643.5970459,0.75462693,1063.22168,698.4835205,0.702150226,1227.577759,695.4945068,0.560294509,1240.798096,694.465332,0.758854568
126,1035.213623,691.8794556,0.84471035,1114.436035,644.0267334,0.777132273,1063.255371,698.3666992,0.720729589,1226.9646,695.9202271,0.559216201,1240.164551,694.8064575,0.75687772
127,1034.925781,691.6810913,0.848496675,1114.885498,643.9514771,0.775252998,1062.952148,698.0283813,0.739003956,1226.585938,696.4215698,0.624293566,1240.10144,694.9030151,0.790983796
128,1034.884033,691.9561768,0.846536875,1115.015625,644.8045044,0.768466771,1062.078369,698.3533325,0.752061188,1226.434814,696.5009766,0.513967872,1239.183105,695.8250732,0.753693461
129,1034.005371,691.7036743,0.864894271,1114.837402,644.5838623,0.783108294,1061.539307,698.5541992,0.764419019,1226.013794,697.1542969,0.472832799,1238.460205,696.2942505,0.734538436
130,1033.362671,691.4474487,0.872202098,1113.106934,644.7103271,0.766268969,1060.424316,698.1398315,0.759233475,1226.64917,697.2659302,0.430503994,1238.546875,696.515686,0.722527087
131,1032.281738,691.7375488,0.873083234,1114.067017,644.7995605,0.754665077,1059.608521,698.4035645,0.778157949,1225.881348,698.7811279,0.380537689,1237.686523,698.0986328,0.67339468
132,1031.407227,691.6674805,0.868880808,1113.35498,644.7798462,0.731319427,1059.023682,698.0037842,0.777262568,1225.151489,700.7192993,0.334980547,1236.984009,698.9848022,0.641908228
133,1030.980225,691.751709,0.884640872,1113.62561,644.3098755,0.761263669,1058.529907,697.7676392,0.781487584,1224.404297,700.8067627,0.426050037,1236.666504,698.8636475,0.704827249
134,1030.59436,692.3143311,0.881279171,1113.277222,644.6761475,0.773165941,1057.894775,698.2647095,0.765621185,1222.201782,701.3533325,0.424150437,1234.571167,701.4894409,0.732775867
135,1029.877563,692.5182495,0.878084481,1112.654419,644.7282715,0.790489137,1057.083374,698.1525879,0.750669301,1221.467651,701.6158447,0.42451489,1233.688232,701.6796265,0.759228587
136,1029.719849,692.237854,0.868478179,1112.029541,644.1053467,0.774664223,1056.856201,698.0552368,0.748151124,1221.233765,701.9578857,0.367296219,1233.178955,702.5469971,0.758758485
137,1028.82666,692.0408936,0.874912798,1111.55896,644.970459,0.769706786,1056.4021,697.2485962,0.736335218,1219.486572,702.2752075,0.392991513,1232.131348,702.4697266,0.7927773
138,1027.252441,691.9372559,0.874874055,1111.713135,645.3262329,0.763798833,1056.15271,697.3684692,0.718641222,1217.45166,702.49646,0.384841889,1230.629883,702.9361572,0.765063167
139,1025.682861,692.6398315,0.843797207,1109.966797,645.0022583,0.768904626,1054.830322,697.6801147,0.660089254,1216.8396,703.0557251,0.490806758,1230.129395,702.5925903,0.786533594
140,1024.9198,692.6552734,0.842534244,1109.538208,645.4285889,0.761886239,1053.839722,697.0618286,0.644043982,1216.605103,703.220459,0.428741038,1229.052979,702.678772,0.707875133
141,1023.883728,693.0405273,0.841057658,1108.297852,645.5469971,0.735718012,1053.567627,697.1052246,0.637485087,1215.880615,703.6784668,0.56163758,1228.614258,703.1715088,0.750981808
142,1022.47699,692.725769,0.833670259,1099.688843,645.0167236,0.770292163,1048.134888,698.1898804,0.67339015,1215.660278,703.5640259,0.619706154,1227.682617,702.914856,0.712648451
143,1021.596924,692.3043213,0.818487287,1100.142578,645.3327026,0.771999776,1047.589233,697.5697021,0.70968622,1215.349243,704.0841675,0.589338541,1227.660767,704.6852417,0.677370906
144,1021.634399,691.1289673,0.832427025,1099.223145,645.3284302,0.793423951,1047.251953,697.635376,0.714087188,1213.81189,703.6677246,0.537189901,1226.049194,704.1342773,0.661581039
145,1021.388611,691.0921631,0.844907045,1097.717407,645.1707153,0.767611623,1046.619507,696.9190063,0.739574194,1214.161377,703.1534424,0.596549094,1225.705322,703.4644775,0.705318153
146,1020.27002,690.961731,0.862943828,1097.404663,645.2414551,0.767706871,1045.97583,697.1969604,0.755921066,1213.537109,702.0427246,0.477396786,1226.403809,703.3493042,0.660133898
147,1019.960266,691.3991089,0.869499326,1097.820068,644.9101563,0.758420229,1045.419189,697.1507568,0.765015304,1213.378174,702.6471558,0.496005237,1225.2948,703.4810791,0.695246875
148,1018.610168,691.9503784,0.873086691,1097.400391,645.1383057,0.776108682,1044.260864,697.5614014,0.777108252,1214.025513,699.9703369,0.442704946,1224.421387,702.5458374,0.706456125
149,1017.813904,692.1144409,0.88555485,1096.645874,644.9387207,0.780990303,1043.621094,698.1142578,0.776700377,1213.519531,698.8980103,0.443794638,1224.068359,702.1375122,0.715828896
150,1016.568726,692.7338867,0.886431992,1095.877808,645.7420654,0.776761711,1042.727905,698.6065674,0.773980498,1212.144043,699.0679932,0.366335571,1222.90686,701.8087769,0.671842813
151,1015.874207,692.7622681,0.88376826,1097.154907,645.8735352,0.772723854,1041.338989,697.8449097,0.778735757,1212.723389,698.0388794,0.418552607,1222.860352,701.6280518,0.63937515
152,1015.709778,693.7403564,0.882611752,1096.079956,646.3188477,0.734967291,1040.630493,698.3560181,0.759261787,1211.933838,698.1812134,0.439962476,1222.247925,701.0546265,0.66657877
153,1014.954041,694.0966797,0.890065372,1094.44519,645.7156372,0.734784782,1040.675293,698.3040161,0.744134665,1211.404419,697.369812,0.47568813,1223.918091,696.5903931,0.706183076
154,1013.134277,693.9157715,0.897216856,1083.748901,645.2017212,0.719044924,1040.024048,698.3267212,0.743366301,1210.596191,697.0629272,0.451517254,1222.759521,695.5130005,0.744770885
155,1012.32489,694.0627441,0.89662689,1082.970215,646.0838013,0.725096107,1039.558716,698.2097168,0.724754691,1210.513916,696.8679199,0.473448396,1222.767212,695.171875,0.780670822
156,1011.892395,693.9433594,0.880293846,1082.442261,646.6547852,0.730825126,1038.260864,697.6807251,0.679014385,1210.127563,696.2722168,0.564100564,1221.351074,694.067749,0.824136794
157,1010.71344,693.9277954,0.88458693,1081.106934,646.4695435,0.734070539,1037.799561,697.6027832,0.666046083,1208.868164,696.862854,0.594185293,1220.76416,694.3411255,0.850644708
158,1009.464478,693.5253296,0.876747131,1080.983521,646.3529663,0.769794047,1036.698242,697.1685791,0.668810725,1208.157104,696.7545166,0.618426979,1220.323975,694.1143799,0.863176823
159,1007.949707,693.230835,0.87507081,1080.692383,646.1886597,0.771280587,1032.83374,697.7976685,0.649143279,1207.496216,696.5026855,0.601240396,1219.084595,693.6427612,0.882868648
160,1007.726807,693.0152588,0.870042682,1080.969482,646.0452271,0.755686283,1032.226929,698.1555786,0.661401451,1206.776123,696.2529907,0.543491542,1217.86438,693.1105347,0.874672055
161,1006.420715,692.5640259,0.857796848,1080.340576,646.7459717,0.751789331,1031.734741,698.1421509,0.71467787,1205.979248,696.7261353,0.491237998,1217.27771,693.524231,0.85906297
162,1005.594849,693.0023804,0.839903712,1081.387939,646.2844238,0.756109416,1031.638916,697.9616089,0.735774636,1205.037598,696.3501587,0.516942501,1216.775513,693.1846924,0.877733588
163,1004.26886,691.8214111,0.855636835,1081.370239,645.5466919,0.807380259,1031.340942,697.1311646,0.752343774,1204.947388,696.685791,0.500220418,1216.764648,693.133606,0.881177604
164,1003.630676,691.9824219,0.866533399,1080.882568,645.644104,0.82873261,1030.567749,697.5629883,0.751711845,1202.75061,698.4935303,0.483835042,1215.140747,692.6414185,0.858774662
165,1002.911926,692.1924438,0.881658256,1080.432373,645.2469482,0.837421834,1029.595337,697.8901978,0.776028037,1202.945557,699.1620483,0.49022004,1215.429321,693.4243774,0.847851396
166,1002.48999,691.9442139,0.8875646,1078.806641,645.6315918,0.824918389,1028.410889,697.6488647,0.767585158,1201.977173,699.2706909,0.485285312,1214.986084,693.7979736,0.824541092
167,1001.208923,691.9511108,0.890414953,1077.378296,645.3043213,0.838110089,1027.004517,697.2843018,0.779914141,1203.617432,696.6017456,0.505470216,1213.762939,693.9906616,0.798250735
168,1000.251221,692.4602051,0.889298737,1076.317627,645.2628784,0.814229012,1026.15979,697.8821411,0.759623766,1202.849243,696.3414917,0.522623003,1211.443848,692.862915,0.742841542
169,999.6929932,692.1903076,0.898453712,1076.895874,645.3361816,0.8232283,1025.80835,697.7476196,0.773901403,1201.888062,696.7240601,0.552455306,1210.86377,693.3060303,0.726448834
170,999.7349854,691.7736206,0.894245327,1076.7229,645.1665039,0.83230257,1025.371704,697.4365234,0.767806888,1201.30481,696.9296875,0.572066724,1210.087891,693.4490967,0.694752097
171,999.0893555,692.1040039,0.898557246,1076.326294,645.0130005,0.817212105,1024.963501,697.2922363,0.767397642,1199.870728,696.9272461,0.561285079,1210.185791,697.3346558,0.660654306
172,998.3112183,691.7335815,0.891121805,1075.089966,645.8104858,0.785639524,1024.129395,696.6883545,0.732464135,1196.278931,698.3652954,0.521749854,1208.853882,702.822937,0.652901709
173,997.2594604,691.9152222,0.892319858,1069.371094,645.3633423,0.753977239,1023.191284,696.8045044,0.728512824,1195.763062,698.3561401,0.546936691,1207.795898,702.8001099,0.671688855
174,997.0410156,691.9888916,0.891736209,1068.393188,645.3036499,0.778122723,1022.853088,696.5739136,0.723715663,1193.505371,698.163269,0.581798494,1209.297729,696.5039063,0.764644206
175,995.5893555,691.0881958,0.884169817,1067.678101,645.3865967,0.788717151,1021.932312,695.5955811,0.710760057,1193.127686,698.5739136,0.520198047,1208.301025,696.5812988,0.773604274
176,994.697937,690.7860718,0.87464416,1067.826904,645.9029541,0.779119313,1021.635742,695.3014526,0.695906937,1191.750122,699.6725464,0.481864631,1206.9729,697.3623657,0.767052114
177,993.739624,690.5108032,0.85294497,1066.72522,646.2242432,0.795595527,1021.245422,695.1311646,0.67761004,1191.105591,699.2915039,0.536717653,1206.138916,697.3289795,0.810746849
178,992.8772583,690.2024536,0.841171086,1064.689697,646.2108765,0.790039122,1020.59021,694.8970337,0.660078108,1190.647949,702.0441284,0.525386274,1204.569824,702.0730591,0.814931333
179,991.4555054,690.4961548,0.827107131,1062.771118,646.3032837,0.782476604,1016.403992,698.1329956,0.701245427,1189.591919,699.7024536,0.56970489,1203.931152,701.7155762,0.847029448
180,990.6791382,690.3133545,0.819428861,1062.497314,645.7479858,0.785091281,1016.164185,697.2156372,0.71763283,1188.724487,703.6091919,0.5329023,1202.680664,702.3276367,0.85883075
181,990.4866943,690.1511841,0.816345096,1063.259888,646.0913086,0.79762429,1016.720215,697.8493652,0.737036586,1187.97644,701.9509888,0.518092334,1202.424805,701.8735352,0.83155638
182,988.5159912,690.6073608,0.819559932,1065.041382,646.1564331,0.816063166,1016.510071,697.0999756,0.737926841,1187.268799,701.9500732,0.532209158,1201.486816,702.069519,0.831570566
183,988.480957,690.1427002,0.834620833,1065.265747,646.1094971,0.835546672,1015.748474,696.0204468,0.77431643,1186.721924,701.7474976,0.58542496,1200.779297,701.8079834,0.849582732
184,988.0879517,690.0184937,0.833470762,1064.109131,646.6473389,0.792909622,1014.937134,695.6798096,0.789783776,1187.342285,703.0246582,0.594283342,1200.002686,701.8474731,0.835774958
185,988.0276489,689.8631592,0.841195941,1064.040283,646.2937012,0.803008735,1013.984741,695.7337036,0.794299722,1187.353149,703.3743286,0.596969485,1199.916504,701.8972778,0.829156578
186,987.6589966,690.0704956,0.866132617,1064.80188,645.3893433,0.814949751,1013.086792,696.0939331,0.784397721,1186.474731,703.4968872,0.624483287,1198.512695,702.15979,0.835396647
187,987.1246338,688.6546021,0.853874922,1065.719604,645.3273926,0.815121949,1013.167603,695.5654297,0.781776667,1185.351685,703.5779419,0.652826846,1197.049438,702.8007813,0.822429478
188,986.4398804,688.8150635,0.87077105,1065.9104,644.9122925,0.809901774,1013.086487,695.5917358,0.787640989,1184.344604,703.3840332,0.634171426,1195.546265,703.0497437,0.753250837
189,985.7003174,688.4766846,0.877047539,1065.637939,645.1713867,0.838233948,1012.407776,695.3657227,0.804220974,1183.795166,703.350708,0.623374581,1193.958008,705.8927612,0.748496413
190,985.0314941,687.7653809,0.872843504,1064.007446,644.8371582,0.828270018,1011.928772,695.3613892,0.802553773,1183.366943,703.4511108,0.656270921,1193.505859,706.0383911,0.766815722
191,984.1218872,687.9893799,0.862995446,1062.851929,645.739563,0.823470294,1011.519104,695.9041748,0.803058267,1182.566772,703.3658447,0.617350817,1192.31665,705.7266235,0.752280235
192,983.8943481,688.9497681,0.872687101,1061.702393,645.3170166,0.794823885,1010.619995,695.43396,0.796646357,1182.020142,703.4452515,0.621901214,1191.730225,706.0192261,0.747338295
193,983.3300781,688.1397705,0.861275911,1060.091309,644.6816406,0.801503956,1010.254456,694.567627,0.806417286,1180.961914,704.5327759,0.606287062,1194.733154,705.182373,0.766582727
194,983.0043335,688.0328979,0.857221603,1056.398193,644.387146,0.780400038,1009.870422,693.7722778,0.814248919,1179.981079,704.5350342,0.640742362,1193.932129,704.6923828,0.821590662
195,982.6760254,687.5576172,0.855341971,1056.388672,644.265686,0.798420191,1009.746826,694.3786011,0.809059322,1179.52124,704.9731445,0.667914152,1193.34314,704.8887329,0.84145385
196,981.5292358,688.1555786,0.857404828,1056.40918,644.3519287,0.819744706,1008.739441,693.555481,0.785422385,1178.145752,704.9602661,0.669946432,1192.283081,704.8336792,0.86912936
197,980.680481,687.680481,0.847793162,1056.710571,645.3654785,0.830254972,1008.734558,692.9780884,0.789404094,1176.988647,705.1231079,0.688193202,1191.974976,704.9333496,0.890317798
198,980.2888794,687.0393677,0.83627212,1055.180908,645.0517578,0.845701158,1009.027893,693.164978,0.786486626,1175.799316,705.5609741,0.687518179,1191.077148,705.0023804,0.899207294
199,979.8296509,686.9022217,0.837531328,1054.6604,643.8023682,0.848162413,1008.564575,693.1772461,0.775551379,1174.639771,705.7718506,0.671463549,1190.024658,705.2120361,0.908411026
200,979.68573,686.0699463,0.824327826,1053.170166,643.4591064,0.843011141,1007.638489,692.2631836,0.74748069,1173.477173,705.8858643,0.670455933,1188.8125,705.1871338,0.91350621
201,978.507019,685.3643799,0.820618451,1053.990723,642.7272949,0.843064487,1007.46991,692.034729,0.739513397,1172.795044,705.7295532,0.677776814,1188.277466,704.9072266,0.923808217
202,978.0465698,685.0996704,0.823957741,1053.876465,642.5341797,0.83419615,1007.056213,691.7158203,0.705548942,1172.260864,705.296936,0.669817269,1187.789551,704.4073486,0.922996938
203,976.6862183,685.0599976,0.82257539,1052.850586,643.0421143,0.857817829,1005.598938,690.7224121,0.663990319,1172.850464,704.5675049,0.672577262,1187.268066,704.2202759,0.917987645
204,975.7738037,685.0280762,0.811682582,1052.957397,643.7835693,0.844396174,1001.581543,693.6912231,0.68364656,1172.444458,704.645752,0.674462616,1186.611694,704.2238159,0.914705634
205,975.4301758,684.2366333,0.819784522,1052.378296,643.0050049,0.847614169,1001.697571,692.8710938,0.687078118,1171.699829,704.0922241,0.678265333,1186.37561,704.125061,0.915310383
206,974.7080078,684.0650635,0.818146288,1050.249756,642.9602661,0.853464544,1000.961243,692.9155884,0.715748847,1171.217896,703.7623291,0.686563015,1186.244751,703.7584839,0.918584883
207,974.0418701,683.6950684,0.813893974,1048.861938,642.5267944,0.838582754,1000.150391,692.8141479,0.738201916,1170.85791,704.241272,0.723726869,1185.751709,703.7145386,0.924037039
208,973.4606934,683.3563843,0.81343478,1048.101318,642.5668945,0.828769267,999.3630981,692.5896606,0.745601416,1170.640381,704.2800903,0.704315186,1185.4552,703.7318726,0.924494326
209,973.0932617,683.331604,0.822048485,1048.42041,641.9777832,0.831940234,998.2298584,692.0050049,0.76400578,1169.942383,704.1733398,0.73903203,1184.945068,703.769165,0.929634213
210,972.9487915,682.5567627,0.81461668,1048.901123,641.5570068,0.836899102,998.1016846,691.5720215,0.767697096,1167.963989,703.9924316,0.702519238,1183.984619,703.6160278,0.918964744
211,972.0621948,682.2264404,0.806927145,1048.780518,641.4262085,0.83232975,997.4862671,692.0907593,0.778357029,1167.445801,704.2087402,0.686319888,1182.854858,703.5233154,0.902898133
212,972.6368408,681.0395508,0.788828909,1048.058472,640.953064,0.819504976,996.5167847,692.4194336,0.801110923,1166.601929,704.2658691,0.662631631,1181.359863,703.161499,0.877141535
213,971.8257446,680.2996216,0.814775944,1046.484497,640.5874023,0.806652069,995.9415283,692.0664673,0.805963397,1166.138794,703.6452637,0.633980513,1180.864868,703.3306274,0.841311514
214,969.5568848,680.0455933,0.811491311,1046.390991,640.3566284,0.798874676,995.6369629,691.7456055,0.795050561,1165.388794,703.2180176,0.617024899,1179.939209,703.2642212,0.773234129
215,968.7910156,680.1907349,0.82735002,1046.223999,640.4676514,0.787213981,994.8057861,691.2833862,0.797242105,1163.990845,702.9439697,0.642051935,1176.835571,704.8782959,0.747773111
216,968.1364746,680.102356,0.830780387,1044.38269,641.0630493,0.762197316,994.0276489,690.8973389,0.798711658,1163.445435,703.1394043,0.613633752,1178.665527,703.9317627,0.738658965
217,967.7020264,680.5178223,0.817926884,1044.164429,641.4053955,0.746519387,994.0021362,691.3303223,0.797991633,1163.060669,702.7838745,0.623630106,1178.442505,703.6895142,0.779920399
218,967.4611206,680.3911133,0.831976354,1039.890991,640.5220947,0.820507944,993.2562866,690.7974854,0.802223444,1162.339722,701.9733887,0.619884312,1177.160034,703.8338013,0.825886548
219,966.9107666,680.769043,0.845231593,1038.835327,639.2654419,0.797841132,992.8648682,690.1221313,0.797953427,1161.719238,702.1339722,0.66487211,1176.827393,703.8036499,0.854027152
220,966.2514038,680.9046631,0.837080181,1037.213013,639.2733154,0.798173726,992.3709717,689.4800415,0.765765548,1160.05957,702.3447266,0.629246771,1175.385864,703.6389771,0.861670136
221,965.5178223,680.6934814,0.85801506,1038.130859,640.2244873,0.819527388,992.0436401,689.4284668,0.742118239,1159.426147,702.1951294,0.640943289,1174.965942,703.055542,0.874267936
222,964.5470581,680.3468018,0.85129565,1037.052246,640.255249,0.815812409,991.8554688,689.1014404,0.716410756,1158.479004,702.0770264,0.614844203,1174.095703,702.9191284,0.876288414
223,963.7789307,680.5258179,0.849253893,1035.837402,639.0546875,0.789668977,990.7193604,688.9185181,0.690336525,1157.92627,701.3236694,0.606556356,1173.381958,702.605835,0.879895031
224,962.9047852,680.1956177,0.831170142,1032.751221,638.2451782,0.772312105,990.4205933,688.7144165,0.650911033,1156.924927,701.2394409,0.637675107,1172.463257,702.5469971,0.889246285
225,962.7562256,679.8439941,0.850511968,1033.378296,639.069519,0.809111834,989.420105,688.1297607,0.626997709,1156.499878,701.6427002,0.696420312,1172.272705,702.442749,0.901630819
226,961.7202759,679.0852051,0.833863139,1031.727905,637.8575439,0.809018672,984.90448,690.196228,0.646189451,1156.353271,701.887207,0.718614995,1171.543945,702.1270142,0.9080562
227,960.8753052,678.4116211,0.824749172,1031.9646,638.0750732,0.808496118,984.5731201,689.7131958,0.66797471,1155.710205,701.805481,0.715708733,1171.36084,702.0172119,0.907131016
228,960.230835,678.3161621,0.817547679,1029.727051,637.7797852,0.783910751,983.9741821,689.5333862,0.677906752,1154.818115,702.3705444,0.663354456,1170.515625,702.2188721,0.894194245
229,959.3445435,678.2209473,0.820664346,1028.677368,636.7302856,0.755631626,983.5049438,689.4418335,0.696457505,1154.564087,702.2455444,0.711918473,1170.288696,702.2956543,0.902252614
230,958.1375122,678.0061035,0.793441832,1029.318481,634.6491089,0.743525624,983.0004883,688.6171875,0.71588397,1154.606079,701.8168335,0.712816358,1169.932495,702.0612183,0.899497867
231,957.4561157,676.8282471,0.805673897,1028.048828,636.857605,0.781916022,982.1567383,688.6559448,0.738279104,1153.529175,701.6463623,0.687172234,1169.001709,702.229187,0.888869405
232,956.4603271,676.3994751,0.803950071,1027.119141,637.3310547,0.789305866,981.5534668,687.7005615,0.747887552,1152.335938,701.6245117,0.639653206,1167.887573,702.401062,0.867655575
233,955.6411133,675.647522,0.827861011,1027.213501,637.4526367,0.79656589,981.5297241,687.4812012,0.740258753,1151.398438,701.8154297,0.685023129,1167.145752,702.4025269,0.87367934
234,954.8858032,675.3805542,0.845178068,1025.379272,637.6989136,0.750700891,981.1304321,686.5160522,0.738468409,1150.630127,701.9960327,0.696320713,1165.960815,702.3656616,0.854607999
235,954.1241455,675.2529907,0.854423523,1024.834229,637.4868774,0.739020467,980.7944946,686.3353882,0.732299924,1150.295776,701.5511475,0.696733892,1164.950806,701.8949585,0.812629342
236,953.0330811,674.6131592,0.85872817,1026.453003,634.1001587,0.706207037,979.6779175,684.1502686,0.728963554,1149.803711,701.5107422,0.682323754,1162.018555,704.2645874,0.746377528
237,952.475647,674.5938721,0.87098968,1026.797729,634.1878662,0.727039754,979.1157227,684.1590576,0.747394383,1148.775269,701.1030884,0.716782868,1161.081299,703.6647949,0.761965275
238,951.6724854,674.3700562,0.86659354,1024.999146,637.2641602,0.695077717,978.7772217,683.3115845,0.748371184,1148.084717,701.4522705,0.674644411,1163.337769,704.0258179,0.779493928
239,951.0496216,674.3121338,0.862020195,1026.078979,633.5497437,0.706334531,977.8261719,682.4321899,0.744609892,1147.054443,701.8969116,0.648927212,1162.729004,703.8963623,0.835564137
240,949.9689941,674.1370239,0.861260891,1020.050049,634.3394775,0.68111676,976.8755493,681.7727661,0.760805428,1146.409424,702.1647949,0.596243501,1160.776367,703.8139648,0.855825841
241,950.1658936,673.7683105,0.868738353,1021.265015,632.2645264,0.681943238,976.6036377,681.8863525,0.754624128,1145.028931,702.6088257,0.598476768,1159.988647,703.8684082,0.876683652
242,948.9918213,673.793335,0.869953811,1020.926636,632.5400391,0.746696174,975.7960205,681.4620972,0.735834658,1143.97998,702.8435669,0.628796518,1159.593262,703.8336792,0.90157032
243,948.2628784,673.4147949,0.865800083,1024.952637,632.5800781,0.740888655,975.3631592,680.859375,0.721545935,1143.998169,702.7716675,0.631145298,1159.625,703.7659912,0.898381233
244,947.3409424,672.8140869,0.842369616,1020.798279,632.8208008,0.73300451,974.8936157,680.2154541,0.710383356,1143.694946,703.0275879,0.627381623,1158.961426,703.5615234,0.904812813
245,946.4790039,672.2948608,0.824888647,1021.27356,632.7125244,0.73822099,974.1778564,679.9955444,0.670952678,1143.679443,702.9302368,0.664175451,1158.605591,703.3917847,0.920728803
246,946.2386475,672.1029053,0.820234716,1021.414063,632.7432251,0.736017764,974.0084229,679.748291,0.679685533,1142.923218,703.2329712,0.644510686,1157.56311,703.1126709,0.922195375
247,945.737854,671.3686523,0.801347017,1021.03772,631.947937,0.754555941,973.6591797,678.9037476,0.65700978,1142.455933,702.9457397,0.603597283,1156.96582,702.8951416,0.921739757
248,944.28302,670.5673828,0.749635279,1020.799988,631.1704102,0.792155325,973.4705811,678.137085,0.645703077,1142.186157,702.9260254,0.571043909,1156.598877,702.9159546,0.915119648
249,943.2434692,670.2261963,0.735053718,1020.50061,630.5898438,0.818256021,970.0737915,679.3781738,0.663435996,1141.765137,702.8485718,0.502558291,1156.179077,702.6443481,0.906497777
250,939.4396973,671.5751343,0.736893058,1019.951782,631.5128174,0.787879467,968.6022339,679.5437622,0.689753711,1141.392822,701.6836548,0.575635493,1155.647705,701.9321289,0.90322119
251,939.1912231,670.7546387,0.757897556,1019.810303,631.0875854,0.803761244,967.7998657,679.1896973,0.719170749,1140.79541,701.5378418,0.663734436,1155.037598,701.4736938,0.91241473
252,939.1643066,670.4208984,0.768448174,1018.985901,630.5118408,0.815829337,967.2681274,678.9127808,0.732624233,1140.252075,701.053894,0.716871977,1153.482056,700.9168701,0.908768535
253,940.0487061,668.3735962,0.764344335,1018.7901,630.1343384,0.832799852,967.3711548,678.3049927,0.737472117,1138.973145,700.9779663,0.738676429,1152.555786,700.5159302,0.892917693
254,939.0918579,667.8300171,0.7617293,1017.850159,629.8951416,0.828763723,966.4084473,677.6455078,0.743211508,1137.977173,700.8469238,0.727930903,1151.480835,700.2990112,0.869281471
255,938.2608032,667.1603394,0.751930058,1017.096252,630.3226929,0.862301886,965.3270264,677.2278442,0.765874624,1136.717163,700.2561035,0.760586619,1150.474487,699.9833374,0.866677344
256,936.6313477,668.1676636,0.736017346,1017.708801,629.9134521,0.863231659,965.265564,676.862854,0.765388548,1135.711792,699.788147,0.765463412,1149.339966,699.6607666,0.839914024
257,938.1831055,666.9260254,0.767426312,1018.243896,629.8864136,0.859978259,964.4116211,676.6298218,0.775646925,1135.124512,699.3186646,0.769050658,1148.75647,699.734375,0.821091294
258,937.3590698,666.9505005,0.794488609,1017.485962,629.2590332,0.865794897,963.9828491,676.4094238,0.773116469,1134.31543,699.1130981,0.738134146,1146.206909,702.3632202,0.772865057
259,936.4828491,663.84021,0.809120536,1017.504761,628.94104,0.876378655,963.7947998,675.5806885,0.746820033,1134.071045,699.3492432,0.725749433,1145.568848,702.4230957,0.784383059
260,936.4621582,663.8189697,0.807840168,1016.596802,628.6192017,0.884813309,963.1417236,675.649231,0.727013111,1133.816528,699.1760254,0.687454522,1145.072021,702.1314087,0.778423071
261,935.3744507,663.49646,0.82765466,1016.474121,627.9500732,0.897055089,962.5974121,674.4311523,0.737355053,1133.516968,699.0578003,0.647007048,1144.296021,702.1552124,0.77034694
262,935.1353149,663.3657837,0.814158261,1016.798523,627.9297485,0.87729466,962.005249,674.6375122,0.740432918,1132.640991,698.7699585,0.620265841,1143.74646,701.7992554,0.750745177
263,934.4014893,663.1691895,0.842143476,1017.444092,627.0930786,0.872090042,961.3591309,673.8082886,0.733012795,1131.296387,698.6641846,0.623898923,1146.789307,701.2247314,0.787819624
264,933.6986694,663.0177002,0.844289184,1017.117798,626.2249146,0.861240566,961.812561,673.1621094,0.709627807,1130.113281,698.0819702,0.637394428,1145.236328,697.7214355,0.818598986
265,932.9230347,662.7801514,0.832493007,1016.407043,625.9812012,0.850250065,961.6849976,672.5652466,0.682716966,1128.883545,697.9807739,0.691030025,1144.768188,697.0542603,0.864743531
266,931.6973267,662.0147095,0.816525102,1014.80719,625.3827515,0.820036352,961.1629028,672.2329712,0.645037591,1127.887817,697.411438,0.688840568,1143.831055,696.4265747,0.885161936
267,931.3005371,662.4927368,0.826664984,1014.26532,624.59375,0.793650448,960.7718506,672.3991089,0.644235492,1127.204102,697.3859253,0.69747597,1143.342163,696.2069702,0.901474893
268,930.1700439,662.0966187,0.815696478,1013.937073,624.3692627,0.773843169,959.8657227,672.4443359,0.619132519,1126.224976,697.4564819,0.701157093,1142.179932,696.0806274,0.915253758
269,930.0481567,662.1862183,0.827116966,1013.073425,624.1571655,0.777343988,959.8753662,669.7374268,0.597037435,1128.390747,696.3674316,0.67103374,1141.270264,696.0543823,0.907884717
270,929.8074951,662.2636108,0.800800264,1013.919495,624.3556519,0.779216886,959.9439697,669.5113525,0.582065761,1127.510132,695.8468018,0.657637715,1140.688965,695.4266357,0.897545278
271,928.8936157,661.5791626,0.825922489,1012.965637,623.7860718,0.720596373,959.3519897,668.1241455,0.598943174,1126.998047,695.4558716,0.734024882,1139.90564,694.7955322,0.920730293
272,928.4465332,661.0048218,0.819330633,1012.529236,623.4700928,0.654202998,952.6990356,672.1539917,0.60511893,1125.921997,695.3103027,0.721170068,1139.231567,694.3625488,0.916801572
273,926.9154053,660.6692505,0.796468019,1011.169678,622.868042,0.636426747,952.2921143,671.619812,0.628714085,1125.528198,695.4922485,0.726724982,1138.766724,694.1866455,0.923320115
274,926.3695679,660.3723145,0.786079884,1011.248901,622.8062744,0.643947363,951.3567505,671.1447754,0.649004042,1124.689941,694.3093872,0.737141669,1137.856567,693.5517578,0.920567751
275,926.2752686,659.5888062,0.78372246,1010.847473,622.321167,0.645618796,950.9272461,670.8989868,0.677729964,1123.403198,694.0991211,0.837915897,1137.442871,693.0390625,0.942495942
276,925.3261719,659.8922729,0.784932733,1010.605835,621.6975098,0.613551974,950.5761108,670.9111938,0.681603014,1122.436035,693.7108765,0.842071593,1135.932251,693.0125732,0.935501158
277,923.0405273,659.5951538,0.795581639,1004.179199,621.0890503,0.614681184,950.0650024,670.5071411,0.682366133,1121.561646,693.5562134,0.85081327,1135.333496,692.8739014,0.933235943
278,922.5737915,658.8644409,0.818919003,1003.189453,620.8776855,0.648036778,949.4540405,669.7973633,0.686990976,1120.629639,693.2319946,0.835263133,1134.296265,693.0350342,0.916566253
279,922.0238037,658.7229614,0.840287447,1002.775146,620.9018555,0.653733134,949.312439,669.7297363,0.695230663,1119.555298,692.609375,0.860623181,1134.200928,692.1520386,0.927867413
280,921.201416,658.4234619,0.851874471,1002.614502,621.4072876,0.685870588,950.3424683,668.7615967,0.696733296,1118.526123,691.944519,0.848664403,1133.665527,691.8304443,0.921062291
281,920.3270264,658.8823242,0.847755194,1001.384216,621.6408081,0.72350198,949.6206665,668.4100342,0.725177944,1118.037476,691.18396,0.842094839,1133.293091,691.4230957,0.918066859
282,919.9403687,658.3905029,0.857729316,1000.164368,619.770752,0.72447598,948.1740723,667.9916992,0.730555654,1116.927979,690.0545044,0.818403661,1132.129761,690.4988403,0.907298028
283,919.2259521,658.6000977,0.870927572,1000.239807,619.9213867,0.712989509,947.4521484,667.4682617,0.740564227,1116.029175,689.6662598,0.820602417,1131.152588,690.3563232,0.88430196
284,918.2770386,659.041626,0.870080888,999.8757324,620.3447876,0.673941314,946.7151489,667.3795166,0.741173685,1115.291138,689.3153687,0.772925138,1128.849731,691.3561401,0.856523514
285,918.4385986,658.8374023,0.868989289,1000.823303,619.4449463,0.591708422,946.9812012,667.1026611,0.733680129,1114.342651,687.3306885,0.735896885,1130.231323,688.9802246,0.886717081
286,917.0255127,658.9935303,0.858173132,989.5114136,618.3798218,0.503021836,945.4404297,667.0060425,0.732267678,1112.855835,685.2390747,0.763583481,1129.412964,687.8755493,0.875997603
287,915.3567505,659.5536499,0.864042342,997.8187866,618.9002075,0.517822087,944.7373657,666.5159912,0.720365524,1112.240112,684.7597046,0.794213831,1128.121582,686.7640991,0.905845523
288,913.3372192,660.0403442,0.851883292,986.7958374,618.5128174,0.563003302,943.1739502,665.7574463,0.669060946,1111.093506,683.5914917,0.824855089,1127.015625,685.8254395,0.899519145
289,911.7949829,660.1583862,0.82907784,986.9112549,618.3711548,0.58469969,942.291748,665.9234619,0.63873601,1110.341431,683.2635498,0.842803955,1126.201538,684.8712158,0.889572203
290,910.8201904,660.3555908,0.80669111,984.9945679,617.8596191,0.575245261,937.3047485,667.5722046,0.627297461,1110.494019,680.1613159,0.818526447,1125.166992,680.5900269,0.921580076
291,910.699585,659.9608154,0.806511462,983.7595825,616.4360962,0.546469212,936.6287842,667.9013062,0.66174525,1108.56311,679.1665039,0.85101217,1123.588745,678.6804199,0.944886506
292,909.5421753,659.9376831,0.803058267,984.5372925,618.1948242,0.539395154,936.4138184,669.0117798,0.669562936,1107.493042,678.5994263,0.849737763,1122.839844,677.4752808,0.950229585
293,908.4123535,659.8973999,0.80769515,983.5241089,616.5452881,0.509777904,935.2072144,668.7845459,0.69998306,1105.646973,677.8882446,0.86677134,1121.952515,676.2980347,0.955478489
294,907.8458252,660.1208496,0.793559849,983.0597534,615.4418945,0.567720175,934.2697754,668.4976807,0.717437387,1105.008423,676.1367188,0.877785563,1121.489624,674.8026123,0.960372508
295,907.4105835,660.1307983,0.813043833,983.8137817,615.7886353,0.575519502,933.3032837,668.2450562,0.727778435,1103.505981,676.0307617,0.896700382,1120.390625,673.9865112,0.960449398
296,904.6369019,660.3694458,0.815844595,982.9032593,614.880188,0.573791802,932.418457,668.1194458,0.724731386,1102.803589,675.3905029,0.89560616,1119.536133,673.6706543,0.954101443
297,904.046814,660.2754517,0.819443285,981.5421143,614.3428345,0.573611557,930.9237671,667.6217041,0.724666834,1102.079712,674.7479858,0.893305063,1118.658081,673.6814575,0.950286984
298,903.6039429,660.6132202,0.821878016,971.6126709,616.8150635,0.491361946,930.2035522,666.9467163,0.732967138,1101.093872,673.6537476,0.86787051,1117.824463,672.8009033,0.931617677
299,903.3971558,660.9691162,0.822242916,971.2093506,615.293457,0.516547263,929.7198486,666.2627563,0.727514684,1100.167603,673.3409424,0.848031819,1116.297485,672.2636108,0.896412432
300,902.5578003,660.9034424,0.822296679,971.4763794,615.2663574,0.510915399,929.6221313,666.4449463,0.70696038,1099.549072,671.8742065,0.808775723,1112.909424,673.7902832,0.884703696
301,901.5706787,661.1618042,0.820464253,971.149292,615.1576538,0.595775366,929.2763672,666.2874756,0.699496686,1098.66626,670.5870972,0.795034528,1114.21936,671.9752808,0.895559192
302,900.0549927,661.3743896,0.819968879,970.3806763,615.2844849,0.59318459,927.9825439,665.5164795,0.694278061,1097.800659,670.133728,0.78108418,1113.295288,671.4308472,0.908027053
303,899.37146,661.8407593,0.826542318,969.7011108,615.0701904,0.660756707,927.0942383,665.5922241,0.676549077,1096.477905,669.2438354,0.834843516,1112.454956,670.5481567,0.915688038
304,898.7659912,662.0645752,0.810055852,969.0465698,614.8422852,0.660376132,926.5674438,666.3112183,0.667130172,1095.364136,668.7675781,0.869366586,1111.375,669.9634399,0.921476543
305,897.5137939,661.7775269,0.824477553,969.1456909,614.9367676,0.653978765,926.4928589,666.0578003,0.664041519,1093.93335,668.506958,0.887001574,1110.465942,669.4549561,0.924887538
306,896.2741089,661.5604248,0.810924351,967.8481445,615.5783691,0.658125877,925.927063,665.8058472,0.626677096,1092.832642,667.4730835,0.883776248,1109.169434,668.3379517,0.913559675
307,894.8985596,661.4453125,0.798666,967.8319092,615.8282471,0.672052026,921.7380981,668.2705078,0.652567446,1092.194824,667.0241699,0.886589766,1107.99585,667.4945679,0.908590019
308,894.8410645,661.8151855,0.793743908,968.2109375,614.2220459,0.651515245,921.5302734,668.2993164,0.652036905,1091.349487,666.4477539,0.885744095,1107.962769,665.3499146,0.916606128
309,893.8427124,661.5640259,0.767970502,968.5772705,614.0368042,0.652063847,920.9464111,668.6078491,0.661366403,1090.407959,666.246521,0.885191739,1107.490967,664.9348145,0.920481861
310,893.3483887,661.5913696,0.748916686,967.7172852,613.9890747,0.664581776,920.1397095,668.267395,0.672797501,1089.089966,665.3815308,0.853453517,1105.643188,663.5569458,0.930661917
311,892.5595703,661.0788574,0.750671446,967.4099121,613.7766724,0.673085332,919.5230713,668.1047363,0.707247376,1089.706421,664.2268066,0.873373449,1105.220459,662.4615479,0.941628039
312,891.5421753,662.519104,0.750021935,966.5355225,613.8319092,0.64970845,917.9272461,670.5988159,0.7165519,1088.828735,663.3643188,0.872079909,1105.040771,661.8175659,0.940254867
313,891.3110962,662.2601929,0.766841948,965.2012939,613.9279175,0.631104946,917.3723145,669.9793091,0.719959319,1088.32959,662.9967041,0.877632856,1104.579468,661.289856,0.945577562
314,890.6919556,662.0906982,0.752358556,964.8599243,613.6680908,0.652205765,916.6992798,670.2080688,0.72986114,1086.875488,662.3809814,0.879519701,1103.399414,660.822876,0.942730904
315,890.2294312,663.3969727,0.761454582,965.1710205,613.4700928,0.600284994,916.7598877,670.5119019,0.734155297,1085.534058,662.2978516,0.877374947,1102.224854,660.7221069,0.940377653
316,889.7114258,662.4558105,0.766737819,964.6879272,614.109375,0.616297781,915.8881226,666.9829712,0.719580293,1084.831787,661.6219482,0.864325047,1101.34668,660.3209229,0.922770321
317,889.140686,662.1133423,0.766030312,957.0044556,614.3831787,0.609139025,915.5645752,666.873291,0.728471756,1084.014893,661.12677,0.842610776,1100.22229,660.3833618,0.903156996
318,887.9962769,662.2023926,0.762668312,954.5912476,614.411499,0.683097064,915.1140137,666.5005493,0.721034884,1083.23999,660.3336792,0.807322025,1098.397827,659.789856,0.85013032
319,886.9927979,662.9007568,0.779832661,952.3544922,614.6817017,0.722453713,913.9500732,669.77948,0.730265379,1082.208496,660.5126953,0.786025047,1098.916992,659.6522827,0.86243999
320,886.5986328,662.6213989,0.780202389,951.0238037,615.0646362,0.754189849,914.0670776,666.3165894,0.732700825,1080.920776,660.2677612,0.796038091,1098.240356,659.1621094,0.884021282
321,886.3952026,663.7642822,0.771967649,949.8148193,615.6213379,0.747289538,913.2064209,666.710083,0.708562315,1079.394409,660.0651855,0.79387176,1097.314087,658.6192017,0.898028076
322,885.7781372,664.2061768,0.77967155,948.8781738,615.5562744,0.726643443,912.7157593,669.6977539,0.712016344,1078.125366,660.6612549,0.800459087,1095.957764,658.3983765,0.924507976
323,885.2178955,663.9658203,0.801799238,949.3252563,615.1135864,0.726395488,912.3025513,666.8252563,0.718628645,1077.376709,660.2555542,0.807494879,1095.878662,657.9553223,0.929368436
324,883.6590576,663.852417,0.795667648,948.882019,615.7523193,0.732718229,910.6501465,669.7825928,0.680091441,1079.167603,659.1446533,0.799478352,1094.487915,657.2959595,0.925634801
325,882.0065918,663.4992676,0.792355955,949.5073242,614.7919922,0.712260723,909.4291382,670.2093506,0.649788022,1077.772705,658.9768066,0.823160708,1093.630127,657.0623169,0.935151696
326,881.7057495,663.3967285,0.794525862,949.9729614,614.0824585,0.684043586,908.7276001,666.093811,0.609607637,1077.46814,658.5971069,0.821324289,1092.685059,657.0474243,0.933269501
327,880.5722046,663.1601563,0.789860606,949.598877,614.147583,0.702584863,908.6814575,666.152832,0.617914855,1076.283936,658.8894653,0.838859558,1092.30835,656.8729858,0.944841623
328,879.9021606,663.562439,0.781240225,947.3896484,614.0039063,0.701420724,904.0831299,671.8353882,0.632064283,1075.208618,658.0853882,0.812580466,1091.315918,656.7375488,0.940628648
329,879.027832,663.630249,0.782227695,942.2382813,616.5206909,0.68351984,903.4509888,671.8623047,0.658184409,1073.941284,657.9777832,0.822663724,1090.601074,656.7144775,0.941990912
330,876.7230225,666.2336426,0.766694605,940.3414917,616.9482422,0.675168276,902.9904175,671.750061,0.673477352,1072.387207,658.2408447,0.834430993,1089.883179,657.0803833,0.947133064
331,877.6790771,663.6964111,0.775091112,939.5643921,616.3729248,0.699602902,902.9869385,671.7849121,0.686588109,1071.363159,658.5101318,0.863868594,1089.30127,656.9949341,0.953424275
332,877.1834106,663.3519287,0.780093014,940.5317993,614.4016113,0.717601061,902.3873291,671.3173828,0.693469107,1070.191772,658.6231689,0.876455367,1088.43689,657.1151733,0.956110001
333,876.5640869,663.8513184,0.774171352,939.4396362,613.6844482,0.750036478,902.4031372,671.2137451,0.691560507,1068.951172,658.1589355,0.866188109,1087.768921,656.9769897,0.951917887
334,874.461792,667.1282349,0.77198571,937.3778076,613.3587036,0.78758949,901.038208,671.2786255,0.713155627,1068.205933,658.1698608,0.852264345,1086.342651,656.4321899,0.940345645
335,875.4699097,664.7927856,0.780917645,936.7346802,614.1676636,0.794907212,900.15625,671.0114746,0.720589817,1067.167847,658.0012817,0.835162878,1084.979004,656.0579224,0.922596395
336,875.0805054,664.2468262,0.786666334,935.3209229,614.9442139,0.797224104,900.3356323,670.6169434,0.727914691,1067.547241,657.9412842,0.820617139,1084.228027,655.5274048,0.88544333
337,874.5402222,664.581543,0.791166067,934.8431396,614.9987793,0.791282535,899.8707275,670.5491333,0.733516216,1066.668579,657.9631348,0.819176137,1083.062866,655.5071411,0.857540846
338,872.7824707,664.4277344,0.792864084,933.3796387,614.4207764,0.784099758,899.727478,670.8502808,0.729501963,1065.149658,657.6824951,0.762017727,1081.343872,656.8406372,0.835544288
339,872.6364136,665.4872437,0.809966624,933.7137451,613.2971802,0.791478813,899.3035889,671.149231,0.736900449,1064.315186,657.3381348,0.756897211,1080.873901,656.3695679,0.840763509
340,872.1417236,665.213623,0.815945923,933.4655762,613.9472656,0.757463455,898.8812256,670.7523193,0.736286402,1063.55835,658.5160522,0.74165833,1081.255859,655.4318848,0.8514238
341,871.640564,665.8665161,0.822736382,932.9008789,614.0640869,0.727149665,898.1461792,670.9198608,0.73084259,1062.224365,658.0661621,0.779756844,1080.45752,654.7817993,0.875072777
342,870.9974365,665.644043,0.815620959,931.8883667,614.2919922,0.657326221,897.6879272,670.7510986,0.739587784,1061.807373,657.0146484,0.792890191,1080.176514,654.5653687,0.876273036
