Unnamed: 0,bodypart2_x,bodypart2_y,bodypart2_p,bodypart4_x,bodypart4_y,bodypart4_p,bodypart14_x,bodypart14_y,bodypart14_p,bodypart15_x,bodypart15_y,bodypart15_p,bodypart16_x,bodypart16_y,bodypart16_p,Fish_mid_x,Fish_mid_y,Fish_mid_p
0,1216.3663,653.42993,0.51709694,1210.5631,649.13745,0.026427366,1210.7871,654.72974,0.07145162,1216.4706,682.2618,0.02417704,743.5442,214.45822,0.042178657,1182.1897,622.89075,
1,1218.0516,655.352,0.62594426,1210.4597,634.1732,0.027082799,1211.0583,655.0667,0.07690878,1216.0294,681.6057,0.022760581,743.42896,214.38547,0.039965197,1190.4413,630.62933,
2,1217.7742,655.6829,0.59190494,1210.2825,648.793,0.023310263,1211.3662,655.4481,0.07174989,1215.205,682.40173,0.021905798,743.29895,214.3069,0.038455516,1189.7144,630.55817,
3,1217.0349,656.5622,0.6382035,1210.7174,634.0072,0.029077344,1210.769,656.78546,0.06664018,1214.8506,683.3088,0.021891236,743.2671,214.44365,0.038932968,1190.5796,632.77563,
4,1217.5642,656.6104,0.6000358,1210.3995,633.7219,0.028325135,1205.7076,655.9892,0.07232675,746.9006,217.56084,0.018140372,743.35834,214.47836,0.040397268,1175.5117,617.3962,
5,1216.3125,656.9137,0.69596916,1210.4988,634.58356,0.020859623,1204.7216,656.7963,0.068729796,746.81067,217.66624,0.016943008,743.2238,214.61848,0.039093103,1181.1409,624.0245,
6,1208.9581,655.95135,0.66266817,1210.4797,634.7368,0.02140358,1204.6765,657.0532,0.06377376,1212.8414,661.80664,0.017766748,743.1046,214.63635,0.038448066,1184.1388,632.49316,
7,1208.1398,656.7971,0.72353697,1210.1532,634.7499,0.022738531,1203.6886,657.3596,0.06162009,1212.518,662.0593,0.01884209,743.0856,214.56366,0.039147906,1184.9501,634.77185,
8,1207.7993,657.36017,0.7022658,1210.7194,633.9951,0.026395487,1203.5621,657.8651,0.070820846,1214.9489,672.6144,0.01881361,743.02527,214.44304,0.040087998,1183.498,634.41034,
9,1207.318,658.45593,0.7887671,1210.2631,635.3074,0.023693293,1203.1332,658.0136,0.08172635,1213.6014,673.6575,0.016668454,743.1324,214.50946,0.0380141,1186.5214,638.7478,
10,1207.2004,660.46387,0.75600845,1210.818,634.95325,0.019040434,1202.5599,658.0507,0.061792865,1201.6697,694.9909,0.02432417,743.1126,214.61713,0.036615115,1186.2356,641.5093,
11,1206.969,662.039,0.7292294,1194.1405,647.99567,0.018380953,1202.4736,658.93756,0.061309163,1202.4336,695.65656,0.018501272,743.1196,214.60826,0.036232118,1185.4244,642.1536,
12,1206.1445,663.19763,0.71286356,430.8623,862.9803,0.01759063,1202.0564,658.92804,0.05875416,1199.4274,708.96674,0.01737459,743.07996,214.60829,0.036247183,1184.0939,643.0213,
13,1206.393,663.15515,0.7439341,1192.0846,716.4552,0.019834617,1203.0153,659.01056,0.056993105,1198.6471,709.1402,0.027191635,743.2859,214.48982,0.038967382,1183.8564,643.1168,
14,1205.4991,664.2425,0.7250962,1191.64,715.8951,0.028566996,1203.6616,669.68463,0.05444177,1197.8,709.49677,0.041304074,743.2962,214.4779,0.040949635,1181.6619,643.7452,
15,1203.7958,666.1543,0.73506033,1198.158,638.6258,0.020059258,1217.2899,676.9443,0.08241108,1197.1884,709.1258,0.027231479,743.38025,214.40195,0.041135635,1179.9984,644.48096,
16,1201.8276,666.5704,0.6698133,1200.2083,636.9146,0.029692044,1201.3855,664.32306,0.09773367,1195.8381,708.3598,0.021971934,743.38855,214.25533,0.03988451,1176.6575,643.1689,
17,1201.8467,672.08203,0.7825187,1200.4895,636.6218,0.044143375,1201.9208,665.65393,0.1023253,1195.2156,708.34314,0.019927688,743.3393,214.2904,0.038320262,1180.7917,652.07635,
18,1192.2085,672.0133,0.85470784,1204.109,635.1946,0.047978047,1202.6836,666.69916,0.12893516,1195.453,708.1866,0.020811008,743.2848,214.31248,0.038435377,1173.4033,653.58887,
19,1190.6377,672.7318,0.90458506,1204.0221,633.60065,0.117707014,1202.1748,676.2713,0.19567202,1194.698,707.5219,0.024623157,743.23773,214.3075,0.036954563,1173.6287,656.0843,
20,1189.1124,673.72076,0.889997,1200.1881,632.5926,0.12777229,1201.8507,676.63104,0.2178888,1193.0076,708.26025,0.029471468,743.25916,214.49396,0.03811681,1171.4851,656.5042,
21,1187.5054,675.7098,0.91487813,1204.1475,632.2563,0.2946444,1202.2147,677.4617,0.4448104,1191.596,708.93616,0.02753993,743.09406,214.49266,0.036974583,1170.8428,659.23193,
22,1184.6296,676.92053,0.86448795,1206.1919,633.05817,0.55760217,1201.4612,678.66614,0.50958025,1191.6907,709.3242,0.0298414,743.0066,214.52899,0.033367716,1168.9723,661.3314,
23,1178.7203,677.68256,0.8747926,1206.6002,633.0073,0.58934146,1200.3644,679.9552,0.5692911,1191.4551,709.716,0.03492311,743.0969,214.53516,0.031641178,1164.5504,663.3035,
24,1176.7174,680.0377,0.8908445,1205.6083,633.1282,0.66011417,1197.3569,680.001,0.5169766,1190.3983,708.9455,0.026911486,743.31586,214.52235,0.033659503,1161.7714,664.3862,
25,1175.6393,680.5199,0.8854533,1205.7391,634.30945,0.7768556,1196.0935,680.1232,0.4624147,1181.0032,691.1963,0.020217318,743.31226,214.41167,0.033633996,1160.2743,664.0596,
26,1173.277,681.6457,0.88614994,1204.442,634.93353,0.817649,1188.0344,680.8737,0.5881623,1179.3099,709.6987,0.0204219,743.271,214.36267,0.036150377,1156.9183,664.3346,
27,1171.0702,682.28723,0.89514977,1203.4442,635.66235,0.84147197,1187.0527,681.38696,0.6150208,1155.6486,710.62744,0.023146003,743.33105,214.46986,0.038311187,1153.5665,664.2373,
28,1169.6237,682.6047,0.8719633,1203.2563,635.4578,0.82269466,1186.4976,681.64233,0.5958558,1170.2986,692.7286,0.021334635,743.2174,214.6324,0.0388807,1151.8539,663.3175,
29,1168.2443,685.44635,0.88898873,1202.7377,635.92,0.82580847,1185.9863,682.3957,0.5942982,1170.2805,692.7186,0.025946023,743.1418,214.59492,0.034184426,1152.989,668.6865,
30,1166.9427,686.5432,0.8729589,1201.7172,636.78906,0.84356076,1184.749,682.7931,0.5755744,1169.8083,692.911,0.027679656,743.0457,214.60643,0.03415898,1151.5377,669.48645,
31,1163.9093,684.687,0.88365567,1201.6719,636.9697,0.8585478,1187.214,688.19714,0.64706606,1169.1412,693.33575,0.029174829,742.99274,214.63034,0.03460727,1148.6956,667.78345,
32,1162.9349,684.94934,0.90252686,1200.8414,637.3581,0.83755445,1186.486,689.0512,0.6234709,1168.2345,693.6369,0.024740264,743.0373,214.6836,0.03456178,1147.9829,668.27454,
33,1163.0836,685.3814,0.89953375,1200.4374,637.36163,0.83519953,1186.2277,688.50824,0.659928,1168.0399,693.636,0.02452752,743.10504,214.51558,0.03775595,1146.7239,667.10815,
34,1162.5743,686.53687,0.91243905,1198.7968,637.76746,0.79138565,1185.2336,689.1262,0.64047474,1167.1665,693.9649,0.022612698,743.1382,214.48624,0.036347687,1146.9868,669.04663,
35,1162.5702,687.7282,0.9239842,1194.2845,636.2711,0.8288835,1184.7866,689.38544,0.6478732,1166.8835,693.80023,0.02293178,743.32056,214.62509,0.040145516,1145.6188,668.6273,
36,1161.2363,688.7301,0.93421614,1194.3185,636.81384,0.8234267,1183.3092,689.3456,0.6490994,1165.9001,693.6397,0.021106489,743.41125,214.72586,0.044650096,1142.6783,667.6688,
37,1160.0005,688.5824,0.9385076,1194.085,637.23956,0.8385331,1182.0453,689.6196,0.64282244,1165.5748,693.8973,0.020141954,743.1883,214.47496,0.04053216,1143.2047,669.4572,
38,1159.3578,689.1396,0.9373326,1193.1528,637.1807,0.8514148,1181.0372,690.19543,0.620969,1164.6545,723.62427,0.0225847,743.1994,214.51956,0.03964878,1142.9701,671.09247,
39,1158.2913,688.91315,0.942317,1193.1106,637.23785,0.85300934,1180.0331,690.3049,0.6118211,1164.3816,723.96936,0.023464166,743.0784,214.54616,0.038353946,1142.5741,671.6134,
40,1157.0741,689.15924,0.93823844,1191.4233,637.55237,0.8539508,1178.3619,690.40686,0.56076574,1163.8096,724.2295,0.023117024,743.0163,214.57224,0.03750178,1141.6843,672.15265,
41,1155.9015,689.79956,0.933982,1191.2203,637.0808,0.86781925,1173.3992,689.1727,0.5619195,1163.3486,724.67596,0.024921851,743.0017,214.65276,0.03648623,1140.953,673.25616,
42,1154.9038,690.3478,0.9251697,1191.1096,637.3456,0.8584955,1172.5695,690.4638,0.629729,1162.7396,724.8262,0.025717882,743.032,214.65753,0.037792284,1139.3639,673.0614,
43,1153.4066,690.6653,0.9104009,1190.5446,637.5353,0.863185,1172.6288,690.7711,0.6556331,1162.3853,724.34674,0.021606678,743.1315,214.76642,0.039341208,1136.9895,672.13983,
44,1152.296,690.94653,0.8984716,1189.0118,637.3333,0.86539495,1172.2825,691.9644,0.67214775,1153.6808,704.0145,0.023683123,743.1537,214.74622,0.039689705,1135.4471,671.6183,
45,1148.1366,691.0613,0.907509,1188.8141,637.52795,0.8673163,1171.9602,692.1852,0.70780647,1152.6989,704.36395,0.025686156,743.1853,214.80478,0.04066083,1131.3492,671.5273,
46,1147.3071,691.4859,0.92797303,1188.2056,637.6928,0.8667417,1171.4469,692.8675,0.7065807,1152.0177,704.53723,0.021491513,743.19806,214.80418,0.041852273,1130.3483,671.64386,
47,1146.3695,691.90173,0.9309635,1188.1927,638.0897,0.8751663,1170.3251,693.039,0.6800955,1140.6338,705.0745,0.020516438,743.1822,214.8329,0.040067658,1129.9584,672.8963,
48,1145.4614,692.1376,0.93582666,1187.016,638.136,0.85124755,1168.099,693.2105,0.6297348,1150.4901,704.3978,0.02078561,743.0872,214.9465,0.04080724,1129.104,672.8698,
49,1144.4105,692.88763,0.9414892,1190.2273,639.50214,0.8345938,1166.9923,693.39453,0.6495622,746.815,217.77696,0.01894316,743.23145,214.88193,0.042522874,1119.892,663.64777,
50,1143.5774,693.08417,0.9429422,1189.7527,639.91504,0.8509372,1165.192,692.9289,0.63705933,1160.0999,724.61346,0.022805167,743.1612,214.92218,0.04169732,1127.3785,674.00714,
51,1142.4026,691.75824,0.9455539,1188.3146,641.0913,0.8389282,1164.0697,692.61694,0.6479581,1139.6886,705.3245,0.019872501,743.0977,214.86069,0.040279258,1126.3564,672.9262,
52,1140.3042,691.5213,0.9341737,1186.9899,641.60675,0.8104855,1162.5621,692.7914,0.5880764,1139.1176,704.89526,0.022813296,743.14703,214.83759,0.040722907,1124.0665,672.3706,
53,1138.4768,691.50195,0.9295662,1188.4086,640.48346,0.8210149,1158.2476,691.51447,0.64270127,1138.4933,704.4226,0.026946504,743.12317,214.82578,0.037236113,1123.6632,673.9911,
54,1136.59,691.66736,0.91421723,1179.84,637.5639,0.7776362,1157.4117,692.38525,0.69322854,1137.5012,704.55835,0.025996128,743.04645,214.86232,0.03501875,1122.4829,674.88983,
55,1134.7705,693.2837,0.8984874,1179.4862,637.8932,0.8144202,1156.9836,693.1035,0.74685466,1137.3395,705.0493,0.023383547,743.109,214.75964,0.034275573,1120.7932,676.4175,
56,1132.3625,690.94006,0.90313774,1178.5474,638.11285,0.8374876,1155.2776,693.84784,0.6913854,1136.511,704.8292,0.020706525,743.08777,214.68398,0.03383743,1118.6981,674.41296,
57,1130.1995,692.0516,0.92427874,1178.8915,638.2607,0.8396594,1152.4279,694.11176,0.72521585,1136.2621,704.6099,0.023327114,742.931,214.73776,0.033173084,1117.245,676.206,
58,1128.2935,692.3685,0.93001205,1178.3037,638.4391,0.83517337,1151.1417,694.3092,0.687716,1134.5378,704.586,0.021536147,742.872,214.9258,0.033203263,1115.4346,676.5376,
59,1126.4606,693.03217,0.9306801,1179.0499,638.14343,0.8564432,1149.7913,694.0459,0.6965043,1132.9182,704.2962,0.02445413,742.8712,214.99503,0.032812297,1113.8804,677.4341,
60,1124.4182,692.9661,0.92745346,1178.36,638.55347,0.8719866,1147.9935,693.3103,0.6266896,1123.4922,706.0271,0.02083045,742.6978,214.94882,0.030282184,1112.5859,678.45166,
61,1122.4365,693.2175,0.92285,1177.4901,638.47205,0.85745144,1144.3872,693.43604,0.6536129,1122.9877,705.7983,0.024833124,742.8919,214.8564,0.033681974,1109.424,677.1178,
62,1120.2819,693.7235,0.9013238,1176.4148,638.2196,0.8359955,1143.7893,694.891,0.7148529,1121.7313,706.265,0.023990802,743.0227,214.80597,0.03399565,1106.949,677.0655,
63,1118.9059,694.55896,0.88335866,1175.6823,638.4615,0.7993628,1142.8951,694.9167,0.75234854,1121.3383,706.57715,0.025121849,743.13367,214.68399,0.03558462,1104.8066,676.79083,
64,1115.1683,693.1894,0.86453086,1173.9542,639.3606,0.7862765,1141.6831,695.41034,0.74338794,1120.7422,707.007,0.02272741,743.30646,214.70308,0.038820516,1099.7169,673.4707,
65,1113.638,694.2777,0.88566744,1165.5813,637.8939,0.7652821,1139.6116,695.6442,0.74017555,1120.3823,707.0671,0.022128534,743.2797,214.76697,0.039736822,1098.2637,674.4671,
66,1112.6399,695.20337,0.88260174,1164.8843,638.18536,0.8017285,1138.0444,696.2833,0.7187395,1119.4612,707.07684,0.02416149,1242.9092,639.6161,0.05932606,1120.8102,692.0868,
67,1111.2627,694.9747,0.88791215,1163.9332,638.2551,0.8301523,1136.6249,696.334,0.6805881,1238.7571,641.10406,0.024161365,1241.7588,640.1672,0.095420204,1126.6796,688.49194,
68,1110.095,695.08844,0.8803409,1163.9001,637.9868,0.8357591,1135.2572,696.2074,0.7034257,1117.0105,706.8257,0.026612826,1241.7229,640.25885,0.06511127,1119.1011,691.7372,
69,1108.0281,695.42285,0.89925945,1162.8302,637.12933,0.85114926,1135.598,698.2397,0.68241763,1115.4996,706.4539,0.025858663,743.3115,214.61049,0.036903795,1094.2382,677.2751,
70,1107.0768,695.8584,0.88791656,1163.1162,636.95807,0.84225625,1134.7183,698.82477,0.65766966,1114.8818,706.7728,0.022537777,743.2524,214.66864,0.03764109,1092.8179,677.01373,
71,1105.4664,696.2044,0.882049,1162.573,637.7908,0.84940094,1133.5128,698.826,0.65970385,1114.246,707.62244,0.024410022,743.20294,214.75394,0.039003193,1090.7487,676.6379,
72,1103.9689,695.4977,0.87758327,1161.4464,638.23804,0.86758447,1128.9758,696.67816,0.66790247,1113.4071,707.0937,0.026193084,742.9461,214.84352,0.03602743,1090.3921,677.39496,
73,1103.2576,695.88745,0.8777668,1160.5205,638.51245,0.8652719,1128.3539,696.87976,0.6941008,1106.0841,707.506,0.027565915,743.10443,214.74484,0.03749517,1089.0173,677.09265,
74,1098.4247,698.7635,0.8114262,1160.5753,638.09875,0.87357235,1127.4045,697.64124,0.6857932,1108.1152,708.92694,0.025555918,743.17834,214.64723,0.038881537,1082.9373,677.56903,
75,1098.6322,699.21045,0.8376805,1159.3439,637.9762,0.8447866,1125.9021,696.90186,0.67604107,1104.5477,708.3883,0.028741792,743.286,214.72432,0.042761117,1082.1064,676.71405,
76,1097.6364,696.3793,0.85288703,1158.7603,638.87146,0.85293436,1123.6606,701.00653,0.7273772,1103.5026,708.0018,0.023817783,743.34424,214.45699,0.038802337,1082.7728,676.2561,
77,1096.9943,696.47766,0.8610907,1158.4198,638.6682,0.8236641,1123.1051,700.55414,0.7509264,1106.5648,708.53906,0.021932786,743.44635,214.40833,0.041112963,1081.4928,675.3176,
78,1095.8271,699.037,0.8646291,1158.1676,639.01013,0.8037894,1121.8488,701.03876,0.74907917,1105.9468,708.2832,0.021252602,743.42896,214.41719,0.041120503,1080.4272,677.7519,
79,1094.8018,698.7482,0.8726644,1149.7565,639.38385,0.79042816,1121.8087,700.51013,0.74628824,1100.4692,708.7375,0.023787102,743.32513,214.46335,0.04169837,1079.3232,677.47626,
80,1092.8455,697.1226,0.86453044,1150.0831,639.23083,0.7809547,1119.5673,700.56384,0.76042205,1099.3821,708.666,0.022250282,743.3285,214.74275,0.04572605,1075.8627,673.74426,
81,1090.6903,697.6631,0.8740305,1148.5497,639.6392,0.80929524,1117.8049,700.5675,0.7215816,1098.5416,708.3121,0.023492113,743.22424,214.63013,0.043008447,1074.9976,675.841,
82,1089.5725,696.80975,0.86910045,1147.5183,638.9265,0.7993072,1117.3245,700.04535,0.69679344,1098.109,708.15356,0.023863237,743.1764,214.69334,0.041316953,1074.4718,675.77875,
83,1088.8994,696.61475,0.86197484,1146.9182,638.9843,0.8365298,1116.9404,699.92505,0.6314488,1097.5546,707.84753,0.026326075,743.28986,214.67212,0.04304621,1073.1703,674.6572,
84,1087.4326,696.35596,0.8410074,1146.3806,639.247,0.825939,1112.0685,701.3503,0.6638641,1090.4639,707.87146,0.025023432,743.3184,214.7419,0.04645991,1069.995,672.15015,
85,1085.5719,697.11426,0.8245648,1145.8264,639.8264,0.8263066,1110.5804,701.4295,0.73525697,1089.7837,707.60754,0.029256683,743.356,214.52724,0.044235304,1068.8527,673.6855,
86,1081.5095,696.0033,0.83543676,1144.9655,640.12897,0.8424916,1108.949,701.8989,0.74004894,1215.3569,653.40686,0.04460116,1224.5416,642.75824,0.053313173,1096.0756,690.9264,
87,1080.2908,696.92914,0.8557471,1143.8524,640.00836,0.8215678,1107.7155,701.98694,0.7656451,1213.6595,654.97784,0.097425364,1217.7236,651.7046,0.09502815,1105.1462,688.93,
88,1079.2982,696.9153,0.8660609,1142.7869,639.9663,0.79951555,1106.4375,701.9019,0.7586851,1210.5665,653.4297,0.2888145,1217.2087,647.4167,0.3017666,1133.8958,678.0388,
89,1078.3168,697.98145,0.8724501,1142.7,640.3844,0.80139065,1105.8405,701.8531,0.7545639,1211.5264,653.4556,0.13068084,1216.4819,650.02515,0.12557034,1109.111,687.491,
90,1077.4216,697.58923,0.890764,1141.5479,641.04626,0.781146,1104.9285,701.67126,0.7470146,1211.1156,653.5957,0.13408189,1216.1663,649.7084,0.13258518,1108.8027,687.008,
91,1076.4589,697.23315,0.9057575,1141.8107,641.51294,0.7588261,1104.3319,700.99066,0.7332147,1211.2244,654.21545,0.07618916,1215.2888,650.9189,0.08234852,1096.848,690.5701,
92,1075.2528,696.9569,0.8974362,1141.6077,641.4899,0.7370065,1103.5535,700.9425,0.76115024,1088.434,706.0662,0.02208901,743.3239,214.46626,0.03692796,1062.7417,678.5387,
93,1074.4457,696.76434,0.9001319,1132.7251,640.7018,0.7513494,1103.4209,700.3249,0.7343381,1083.295,707.03467,0.020113511,743.34406,214.48811,0.037189685,1061.7706,678.247,
94,1073.6539,695.6068,0.89358014,1131.2468,641.0795,0.8105719,1102.2505,700.35724,0.67957896,1082.9827,706.3578,0.021573331,743.2059,214.48471,0.037285503,1060.9291,677.0156,
95,1072.4247,696.03033,0.88610566,1130.8759,640.51984,0.8174396,1101.1665,700.7949,0.63311225,1082.1672,706.66223,0.025261564,743.3132,214.52713,0.03998672,1058.8503,676.0744,
96,1070.4049,695.8523,0.8626729,1129.3418,641.47253,0.84277016,1096.6111,698.73846,0.6660936,1076.9844,708.8911,0.02595492,743.19794,214.64618,0.03961436,1056.6248,675.68054,
97,1069.4458,695.8107,0.8628913,1128.983,641.90533,0.8450605,1096.0382,699.06116,0.7208431,1076.5319,708.3188,0.028128328,743.33344,214.61401,0.042415947,1054.8406,674.3217,
98,1066.7207,693.9185,0.84786236,1128.3341,642.3451,0.849367,1095.3883,699.3039,0.7257572,1246.7781,675.7378,0.032292318,1253.5024,672.7865,0.10211372,1092.0574,691.124,
99,1065.619,694.86084,0.88023,1127.134,642.5642,0.8479891,1094.0762,698.84875,0.7571709,1245.9386,676.9197,0.031450227,1252.8411,678.308,0.11357474,1091.8904,692.4768,
100,1064.7618,694.6068,0.8863935,1125.8022,642.6079,0.83764446,1092.2415,698.6915,0.74614537,1075.0238,707.5716,0.027935946,1252.7825,678.4406,0.056418218,1075.9846,694.04034,
101,1063.868,695.2763,0.89538175,1125.2765,643.18066,0.806343,1091.2095,698.5393,0.7462727,1241.5725,680.7886,0.04483076,1252.19,678.74194,0.15060133,1097.1718,692.3981,
102,1062.3015,694.9462,0.8979258,1125.5845,642.8335,0.8020799,1089.0865,701.0691,0.74368685,1241.9584,680.1744,0.055073176,1253.4333,679.33,0.21768104,1106.2931,691.34753,
103,1061.8322,695.1602,0.90744644,1125.8408,642.61755,0.7953356,1088.0073,700.8823,0.7496743,1241.963,681.0698,0.030605486,1252.3577,678.8293,0.118454844,1088.4119,692.921,
104,1060.5641,694.6752,0.90421265,1125.479,643.10504,0.78117615,1087.1432,700.38696,0.72406596,1241.5164,682.34375,0.058536924,1252.528,680.0576,0.21577604,1104.6986,691.38635,
105,1058.5244,694.5053,0.89846504,1126.2649,643.2789,0.7655822,1086.3486,700.81067,0.69963795,1240.3505,682.9719,0.122755036,1251.5953,680.97516,0.42704296,1130.866,689.53815,
106,1058.093,694.55115,0.8899327,1115.6602,641.73157,0.8043356,1085.761,700.7498,0.672308,1239.9044,682.4904,0.23005034,1251.086,680.4715,0.62229127,1151.0311,687.9298,
107,1056.624,694.15686,0.8752604,1115.6538,642.61615,0.81469244,1085.0374,700.74255,0.63776803,1237.4745,683.7076,0.25970566,1249.2977,680.9786,0.62834233,1151.9181,687.9219,
108,1054.934,693.12585,0.85756606,1115.079,643.07214,0.8328797,1079.9375,697.3176,0.65369284,1236.7727,685.0147,0.25553924,1248.7588,682.05347,0.58141387,1148.86,688.1036,
109,1053.3784,693.9215,0.84350395,1116.145,642.26416,0.81403786,1078.6903,697.4268,0.6979355,1235.9637,686.6109,0.361051,1249.1971,682.8599,0.6153043,1155.8098,688.73114,
110,1051.3291,692.9976,0.84668046,1116.7023,642.08856,0.8280577,1078.1599,697.4948,0.72022337,1236.0819,687.4947,0.3328335,1248.4318,686.3032,0.5764628,1151.0538,689.7569,
111,1050.9135,693.67004,0.867107,1117.2004,642.13806,0.8090799,1077.3352,697.55865,0.73885626,1235.9547,687.61163,0.29861253,1248.1926,686.2678,0.53627187,1145.5385,690.2748,
112,1049.922,693.5139,0.87570685,1116.802,642.77466,0.784398,1076.5665,697.7176,0.73262614,1234.0751,687.50287,0.2601558,1247.2799,686.84564,0.52503574,1141.1548,690.4644,
113,1049.0901,693.2134,0.8921418,1116.6775,642.6992,0.8027889,1075.9373,697.2662,0.7474019,1232.8685,688.2815,0.4517787,1246.3148,687.36707,0.64627314,1154.8528,690.1954,
114,1047.9243,692.8369,0.90035504,1116.5682,643.3397,0.78708524,1075.075,697.3016,0.74006397,1233.9575,688.1227,0.49055895,1246.5503,687.7303,0.6912573,1157.6953,690.0309,
115,1047.0942,693.33154,0.89818144,1116.7446,643.1534,0.7729482,1074.5029,697.7077,0.7406759,1233.6578,689.3332,0.5187286,1245.8513,688.6912,0.7209553,1159.3889,690.7965,
116,1046.5714,693.9145,0.89547557,1115.4712,643.6251,0.7761226,1072.1398,700.8725,0.7343942,1233.1929,689.5719,0.48027015,1245.0199,689.54565,0.60692817,1152.5256,691.5252,
117,1045.9312,693.8626,0.9013777,1114.6627,644.1727,0.725767,1071.7836,700.8017,0.7023715,1231.9795,690.5135,0.5867073,1244.0214,689.30743,0.65880847,1157.5619,691.5495,
118,1044.4873,693.55084,0.887572,1113.9374,644.26465,0.7360285,1071.1859,700.7255,0.70980376,1231.6698,691.136,0.55016136,1242.949,690.0399,0.6212904,1154.3855,691.8462,
119,1043.7179,694.1383,0.88511944,1114.711,644.18604,0.7106705,1070.5132,701.21796,0.66488546,1230.3385,691.9612,0.5449557,1241.6234,691.4963,0.575216,1151.2028,692.7888,
120,1042.169,694.6794,0.87627774,1113.1382,644.1225,0.7266725,1070.1262,700.84106,0.67404914,1229.4717,692.06555,0.44942108,1242.3013,692.07404,0.5141967,1143.8514,693.3128,
121,1040.6937,694.3408,0.8744386,1114.4454,643.553,0.7473314,1069.9486,700.63745,0.6364955,1229.139,692.2292,0.57248306,1241.9934,693.0996,0.633388,1153.8416,693.38184,
122,1039.7118,694.19855,0.85736585,1114.5004,643.85004,0.75453293,1065.21,698.5028,0.64855593,1229.3882,692.5202,0.5697551,1242.175,693.586,0.65082943,1155.1323,693.5465,
123,1038.9542,694.18463,0.8509791,1114.0958,643.9898,0.75392747,1064.3088,698.06177,0.66409916,1228.8326,693.3052,0.6064758,1242.4924,693.4939,0.6817216,1157.6509,693.71515,
124,1038.2633,693.53937,0.8328669,1113.7527,644.37994,0.77036643,1063.8386,698.5441,0.6849903,1228.2098,694.1604,0.54315174,1241.364,694.1933,0.7063068,1156.6987,693.92316,
125,1037.3076,693.7942,0.82842016,1113.8268,643.59705,0.7546269,1063.2217,698.4835,0.7021502,1227.5778,695.4945,0.5602945,1240.7981,694.46533,0.75885457,1158.8529,694.475,
126,1035.2136,691.87946,0.84471035,1114.436,644.02673,0.7771323,1063.2554,698.3667,0.7207296,1226.9646,695.9202,0.5592162,1240.1646,694.80646,0.7568777,1156.6282,693.95044,
127,1034.9258,691.6811,0.8484967,1114.8855,643.9515,0.775253,1062.9521,698.0284,0.73900396,1226.5859,696.4216,0.62429357,1240.1014,694.903,0.7909838,1159.4713,694.1142,
128,1034.884,691.9562,0.8465369,1115.0156,644.8045,0.7684668,1062.0784,698.35333,0.7520612,1226.4348,696.501,0.5139679,1239.1831,695.8251,0.75369346,1154.2815,694.44025,
129,1034.0054,691.7037,0.8648943,1114.8374,644.58386,0.7831083,1061.5393,698.5542,0.764419,1226.0138,697.1543,0.4728328,1238.4602,696.29425,0.73453844,1150.2877,694.5745,
130,1033.3627,691.44745,0.8722021,1113.1069,644.7103,0.76626897,1060.4243,698.13983,0.7592335,1226.6492,697.2659,0.430504,1238.5469,696.5157,0.7225271,1147.6516,694.49243,
131,1032.2817,691.73755,0.87308323,1114.067,644.79956,0.7546651,1059.6085,698.40356,0.77815795,1225.8813,698.7811,0.3805377,1237.6865,698.09863,0.6733947,1142.2915,695.3514,
132,1031.4072,691.6675,0.8688808,1113.355,644.77985,0.7313194,1059.0237,698.0038,0.77726257,1225.1515,700.7193,0.33498055,1236.984,698.9848,0.6419082,1138.063,695.85504,
133,1030.9802,691.7517,0.8846409,1113.6256,644.3099,0.76126367,1058.5299,697.76764,0.7814876,1224.4043,700.80676,0.42605004,1236.6665,698.86365,0.70482725,1143.7957,696.15283,
134,1030.5944,692.31433,0.8812792,1113.2772,644.67615,0.77316594,1057.8948,698.2647,0.7656212,1222.2018,701.35333,0.42415044,1234.5712,701.48944,0.73277587,1143.8016,697.49396,
135,1029.8776,692.51825,0.8780845,1112.6544,644.7283,0.79048914,1057.0834,698.1526,0.7506693,1221.4677,701.61584,0.4245149,1233.6882,701.6796,0.7592286,1144.3739,697.7649,
136,1029.7198,692.23785,0.8684782,1112.0295,644.10535,0.7746642,1056.8562,698.05524,0.7481511,1221.2338,701.9579,0.36729622,1233.179,702.547,0.7587585,1142.3872,697.9496,
137,1028.8267,692.0409,0.8749128,1111.559,644.97046,0.7697068,1056.4021,697.2486,0.7363352,1219.4866,702.2752,0.3929915,1232.1313,702.4697,0.7927773,1143.4019,698.0048,
138,1027.2524,691.93726,0.87487406,1111.7131,645.32623,0.76379883,1056.1527,697.36847,0.7186412,1217.4517,702.49646,0.3848419,1230.6299,702.93616,0.76506317,1140.249,698.10016,
139,1025.6829,692.63983,0.8437972,1109.9668,645.00226,0.7689046,1054.8303,697.6801,0.66008925,1216.8396,703.0557,0.49080676,1230.1294,702.5926,0.7865336,1145.7246,698.7405,
140,1024.9198,692.6553,0.84253424,1109.5382,645.4286,0.76188624,1053.8397,697.0618,0.644044,1216.6051,703.22046,0.42874104,1229.053,702.6788,0.70787513,1139.4559,698.52905,
141,1023.8837,693.0405,0.84105766,1108.2979,645.547,0.735718,1053.5676,697.1052,0.6374851,1215.8806,703.67847,0.5616376,1228.6143,703.1715,0.7509818,1145.3418,699.34735,
142,1022.477,692.72577,0.83367026,1099.6888,645.0167,0.77029216,1048.1349,698.1899,0.67339015,1215.6603,703.564,0.61970615,1227.6826,702.91486,0.71264845,1145.2625,699.17896,
143,1021.5969,692.3043,0.8184873,1100.1426,645.3327,0.7719998,1047.5892,697.5697,0.7096862,1215.3492,704.08417,0.58933854,1227.6608,704.68524,0.6773709,1143.2964,699.6556,
144,1021.6344,691.12897,0.832427,1099.2231,645.3284,0.79342395,1047.252,697.6354,0.7140872,1213.8119,703.6677,0.5371899,1226.0492,704.1343,0.66158104,1139.0394,698.681,
145,1021.3886,691.09216,0.84490705,1097.7174,645.1707,0.7676116,1046.6195,696.919,0.7395742,1214.1614,703.15344,0.5965491,1225.7053,703.4645,0.70531815,1142.0845,698.50867,
146,1020.27,690.96173,0.8629438,1097.4047,645.24146,0.7677069,1045.9758,697.19696,0.75592107,1213.5371,702.0427,0.4773968,1226.4038,703.3493,0.6601339,1134.4135,697.69385,
147,1019.96027,691.3991,0.8694993,1097.8201,644.91016,0.7584202,1045.4192,697.15076,0.7650153,1213.3782,702.64716,0.49600524,1225.2948,703.4811,0.6952469,1135.7892,698.18256,
148,1018.61017,691.9504,0.8730867,1097.4004,645.1383,0.7761087,1044.2609,697.5614,0.77710825,1214.0255,699.97034,0.44270495,1224.4214,702.54584,0.7064561,1133.2885,697.40753,
149,1017.8139,692.11444,0.88555485,1096.6459,644.9387,0.7809903,1043.6211,698.11426,0.7767004,1213.5195,698.898,0.44379464,1224.0684,702.1375,0.7158289,1132.4719,697.0946,
150,1016.5687,692.7339,0.886432,1095.8778,645.74207,0.7767617,1042.7279,698.60657,0.7739805,1212.144,699.068,0.36633557,1222.9069,701.8088,0.6718428,1125.8236,697.1074,
151,1015.8742,692.76227,0.88376826,1097.1549,645.87354,0.77272385,1041.339,697.8449,0.77873576,1212.7234,698.0389,0.4185526,1222.8604,701.62805,0.63937515,1126.465,696.8191,
152,1015.7098,693.74036,0.88261175,1096.08,646.31885,0.7349673,1040.6305,698.356,0.7592618,1211.9338,698.1812,0.43996248,1222.2479,701.0546,0.66657877,1128.3231,697.17365,
153,1014.95404,694.0967,0.8900654,1094.4452,645.71564,0.7347848,1040.6753,698.304,0.74413466,1211.4044,697.3698,0.47568813,1223.9181,696.5904,0.7061831,1131.2781,695.69806,
154,1013.1343,693.9158,0.89721686,1083.7489,645.2017,0.7190449,1040.024,698.3267,0.7433663,1210.5962,697.0629,0.45151725,1222.7595,695.513,0.7447709,1130.2968,695.1628,
155,1012.3249,694.06274,0.8966269,1082.9702,646.0838,0.7250961,1039.5587,698.2097,0.7247547,1210.5139,696.8679,0.4734484,1222.7672,695.1719,0.7806708,1132.3384,695.0828,
156,1011.8924,693.94336,0.88029385,1082.4423,646.6548,0.7308251,1038.2609,697.6807,0.6790144,1210.1276,696.2722,0.56410056,1221.3511,694.06775,0.8241368,1137.2806,694.5676,
157,1010.71344,693.9278,0.88458693,1081.1069,646.46954,0.73407054,1037.7996,697.6028,0.6660461,1208.8682,696.86285,0.5941853,1220.7642,694.3411,0.8506447,1137.9637,694.8274,
158,1009.4645,693.5253,0.87674713,1080.9835,646.35297,0.76979405,1036.6982,697.1686,0.6688107,1208.1571,696.7545,0.618427,1220.324,694.1144,0.8631768,1138.7438,694.5877,
159,1007.9497,693.23083,0.8750708,1080.6924,646.18866,0.7712806,1032.8337,697.79767,0.6491433,1207.4962,696.5027,0.6012404,1219.0846,693.64276,0.88286865,1137.8168,694.2188,
160,1007.7268,693.01526,0.8700427,1080.9695,646.0452,0.7556863,1032.2269,698.1556,0.66140145,1206.7761,696.253,0.54349154,1217.8644,693.11053,0.87467206,1135.3303,693.8207,
161,1006.4207,692.564,0.85779685,1080.3406,646.746,0.75178933,1031.7347,698.14215,0.7146779,1205.9792,696.72614,0.491238,1217.2777,693.52423,0.85906297,1132.8508,693.8635,
162,1005.59485,693.0024,0.8399037,1081.388,646.2844,0.7561094,1031.6389,697.9616,0.73577464,1205.0376,696.35016,0.5169425,1216.7755,693.1847,0.8777336,1134.6843,693.84845,
163,1004.26886,691.8214,0.85563684,1081.3702,645.5467,0.80738026,1031.341,697.13116,0.7523438,1204.9474,696.6858,0.5002204,1216.7646,693.1336,0.8811776,1132.8453,693.426,
164,1003.6307,691.9824,0.8665334,1080.8826,645.6441,0.8287326,1030.5677,697.563,0.75171185,1202.7506,698.4935,0.48383504,1215.1407,692.6414,0.85877466,1129.4625,693.6646,
165,1002.9119,692.19244,0.88165826,1080.4324,645.24695,0.83742183,1029.5953,697.8902,0.77602804,1202.9456,699.16205,0.49022004,1215.4293,693.4244,0.8478514,1128.2622,694.2022,
166,1002.49,691.9442,0.8875646,1078.8066,645.6316,0.8249184,1028.4109,697.64886,0.76758516,1201.9772,699.2707,0.4852853,1214.9861,693.798,0.8245411,1126.2822,694.2578,
167,1001.2089,691.9511,0.89041495,1077.3783,645.3043,0.8381101,1027.0045,697.2843,0.77991414,1203.6174,696.60175,0.5054702,1213.763,693.99066,0.79825073,1125.168,693.7645,
168,1000.2512,692.4602,0.88929874,1076.3176,645.2629,0.814229,1026.1598,697.88214,0.75962377,1202.8492,696.3415,0.522623,1211.4438,692.8629,0.74284154,1122.1974,693.5404,
169,999.693,692.1903,0.8984537,1076.8959,645.3362,0.8232283,1025.8083,697.7476,0.7739014,1201.8881,696.72406,0.5524553,1210.8638,693.306,0.72644883,1121.45,693.7129,
170,999.735,691.7736,0.8942453,1076.7229,645.1665,0.8323026,1025.3717,697.4365,0.7678069,1201.3048,696.9297,0.5720667,1210.0879,693.4491,0.6947521,1120.7191,693.6771,
171,999.08936,692.104,0.89855725,1076.3263,645.013,0.8172121,1024.9635,697.29224,0.76739764,1199.8707,696.92725,0.5612851,1210.1858,697.33466,0.6606543,1118.0037,695.0103,
172,998.3112,691.7336,0.8911218,1075.09,645.8105,0.7856395,1024.1294,696.68835,0.73246413,1196.2789,698.3653,0.52174985,1208.8539,702.82294,0.6529017,1114.8551,696.9134,
173,997.25946,691.9152,0.89231986,1069.3711,645.36334,0.75397724,1023.1913,696.8045,0.7285128,1195.7631,698.35614,0.5469367,1207.7959,702.8001,0.67168885,1115.6821,697.04755,
174,997.041,691.9889,0.8917362,1068.3932,645.30365,0.7781227,1022.8531,696.5739,0.72371566,1193.5054,698.16327,0.5817985,1209.2977,696.5039,0.7646442,1120.6252,695.13635,
175,995.58936,691.0882,0.8841698,1067.6781,645.3866,0.78871715,1021.9323,695.5956,0.71076006,1193.1277,698.5739,0.52019805,1208.301,696.5813,0.7736043,1118.3245,694.8273,
176,994.69794,690.7861,0.87464416,1067.8269,645.90295,0.7791193,1021.63574,695.30145,0.69590694,1191.7501,699.67255,0.48186463,1206.9729,697.36237,0.7670521,1116.0876,695.178,
177,993.7396,690.5108,0.85294497,1066.7252,646.22424,0.7955955,1021.2454,695.13116,0.67761004,1191.1056,699.2915,0.53671765,1206.1389,697.329,0.81074685,1120.1396,695.16473,
178,992.87726,690.20245,0.8411711,1064.6897,646.2109,0.7900391,1020.5902,694.89703,0.6600781,1190.648,702.0441,0.5253863,1204.5698,702.07306,0.81493133,1119.5894,697.48883,
179,991.4555,690.49615,0.82710713,1062.7711,646.3033,0.7824766,1016.404,698.133,0.7012454,1189.5919,699.70245,0.5697049,1203.9312,701.7156,0.84702945,1121.9694,697.06885,
180,990.67914,690.31335,0.81942886,1062.4973,645.748,0.7850913,1016.1642,697.21564,0.71763283,1188.7245,703.6092,0.5329023,1202.6807,702.32764,0.85883075,1120.7521,698.18414,
181,990.4867,690.1512,0.8163451,1063.2599,646.0913,0.7976243,1016.7202,697.84937,0.7370366,1187.9764,701.951,0.51809233,1202.4248,701.87354,0.8315564,1119.0912,697.474,
182,988.516,690.60736,0.81955993,1065.0414,646.15643,0.81606317,1016.5101,697.1,0.73792684,1187.2688,701.9501,0.53220916,1201.4868,702.0695,0.83157057,1118.0782,697.73785,
183,988.48096,690.1427,0.83462083,1065.2657,646.1095,0.8355467,1015.7485,696.02045,0.77431643,1186.7219,701.7475,0.58542496,1200.7793,701.808,0.84958273,1119.0839,697.5026,
184,988.08795,690.0185,0.83347076,1064.1091,646.64734,0.7929096,1014.93713,695.6798,0.7897838,1187.3423,703.02466,0.59428334,1200.0027,701.8475,0.83577496,1118.6481,697.8009,
185,988.02765,689.86316,0.84119594,1064.0403,646.2937,0.80300874,1013.98474,695.7337,0.7942997,1187.3531,703.3743,0.5969695,1199.9165,701.8973,0.8291566,1117.9961,697.8214,
186,987.659,690.0705,0.8661326,1064.8019,645.38934,0.81494975,1013.0868,696.09393,0.7843977,1186.4747,703.4969,0.6244833,1198.5127,702.1598,0.83539665,1116.7656,698.0171,
187,987.12463,688.6546,0.8538749,1065.7196,645.3274,0.81512195,1013.1676,695.5654,0.78177667,1185.3517,703.57794,0.65282685,1197.0494,702.8008,0.8224295,1116.8109,697.8325,
188,986.4399,688.81506,0.87077105,1065.9104,644.9123,0.8099018,1013.0865,695.59174,0.787641,1184.3446,703.38403,0.6341714,1195.5463,703.04974,0.75325084,1111.768,697.65466,
189,985.7003,688.4767,0.87704754,1065.638,645.1714,0.83823395,1012.4078,695.3657,0.804221,1183.7952,703.3507,0.6233746,1193.958,705.89276,0.7484964,1109.9233,698.3961,
190,985.0315,687.7654,0.8728435,1064.0074,644.83716,0.82827,1011.9288,695.3614,0.8025538,1183.367,703.4511,0.6562709,1193.5059,706.0384,0.7668157,1111.352,698.352,
191,984.1219,687.9894,0.86299545,1062.8519,645.73956,0.8234703,1011.5191,695.9042,0.80305827,1182.5668,703.36584,0.6173508,1192.3167,705.7266,0.75228024,1109.1455,698.2177,
192,983.89435,688.94977,0.8726871,1061.7024,645.317,0.7948239,1010.62,695.43396,0.79664636,1182.0201,703.44525,0.6219012,1191.7302,706.0192,0.7473383,1108.135,698.6608,
193,983.3301,688.1398,0.8612759,1060.0913,644.68164,0.80150396,1010.25446,694.5676,0.8064173,1180.9619,704.5328,0.60628706,1194.7332,705.1824,0.7665827,1109.4989,698.4361,
194,983.00433,688.0329,0.8572216,1056.3982,644.38715,0.78040004,1009.8704,693.7723,0.8142489,1179.9811,704.53503,0.64074236,1193.9321,704.6924,0.82159066,1112.1272,698.4922,
195,982.676,687.5576,0.855342,1056.3887,644.2657,0.7984202,1009.7468,694.3786,0.8090593,1179.5212,704.97314,0.66791415,1193.3431,704.88873,0.84145385,1113.2385,698.64374,
196,981.52924,688.1556,0.8574048,1056.4092,644.3519,0.8197447,1008.73944,693.5555,0.7854224,1178.1458,704.96027,0.66994643,1192.2831,704.8337,0.86912936,1112.9281,698.90204,
197,980.6805,687.6805,0.84779316,1056.7106,645.3655,0.830255,1008.73456,692.9781,0.7894041,1176.9886,705.1231,0.6881932,1191.975,704.93335,0.8903178,1113.8943,698.95874,
198,980.2889,687.03937,0.8362721,1055.1809,645.05176,0.84570116,1009.0279,693.165,0.7864866,1175.7993,705.561,0.6875182,1191.0771,705.0024,0.8992073,1113.9907,698.9611,
199,979.82965,686.9022,0.8375313,1054.6604,643.80237,0.8481624,1008.5646,693.17725,0.7755514,1174.6398,705.77185,0.67146355,1190.0247,705.21204,0.908411,1112.9275,699.0239,
200,979.6857,686.06995,0.8243278,1053.1702,643.4591,0.84301114,1007.6385,692.2632,0.7474807,1173.4772,705.88586,0.67045593,1188.8125,705.18713,0.9135062,1112.9617,698.8381,
201,978.507,685.3644,0.82061845,1053.9907,642.7273,0.8430645,1007.4699,692.0347,0.7395134,1172.795,705.72955,0.6777768,1188.2775,704.9072,0.9238082,1112.8771,698.5164,
202,978.0466,685.0997,0.82395774,1053.8765,642.5342,0.83419615,1007.0562,691.7158,0.70554894,1172.2609,705.29694,0.66981727,1187.7896,704.40735,0.92299694,1111.9774,698.0713,
203,976.6862,685.06,0.8225754,1052.8506,643.0421,0.8578178,1005.59894,690.7224,0.6639903,1172.8505,704.5675,0.67257726,1187.2681,704.2203,0.91798764,1111.4679,697.7858,
204,975.7738,685.0281,0.8116826,1052.9574,643.78357,0.8443962,1001.58154,693.6912,0.68364656,1172.4445,704.64575,0.6744626,1186.6117,704.2238,0.91470563,1111.3514,697.8526,
205,975.4302,684.23663,0.8197845,1052.3783,643.005,0.84761417,1001.6976,692.8711,0.6870781,1171.6998,704.0922,0.67826533,1186.3756,704.12506,0.9153104,1110.5958,697.36,
206,974.708,684.06506,0.8181463,1050.2498,642.96027,0.85346454,1000.96124,692.9156,0.71574885,1171.2179,703.7623,0.686563,1186.2448,703.7585,0.9185849,1110.5688,697.1107,
207,974.0419,683.69507,0.813894,1048.8619,642.5268,0.83858275,1000.1504,692.81415,0.7382019,1170.8579,704.2413,0.72372687,1185.7517,703.71454,0.92403704,1111.3756,697.25037,
208,973.4607,683.3564,0.8134348,1048.1013,642.5669,0.82876927,999.3631,692.58966,0.7456014,1170.6404,704.2801,0.7043152,1185.4552,703.7319,0.9244943,1110.5741,697.1035,
209,973.09326,683.3316,0.8220485,1048.4204,641.9778,0.83194023,998.22986,692.005,0.7640058,1169.9424,704.17334,0.73903203,1184.9451,703.76917,0.9296342,1110.5729,697.1438,
210,972.9488,682.55676,0.8146167,1048.9011,641.557,0.8368991,998.1017,691.572,0.7676971,1167.964,703.99243,0.70251924,1183.9846,703.616,0.91896474,1108.7955,696.6825,
211,972.0622,682.22644,0.80692714,1048.7805,641.4262,0.83232975,997.48627,692.09076,0.778357,1167.4458,704.20874,0.6863199,1182.8549,703.5233,0.90289813,1107.4546,696.54767,
212,972.63684,681.03955,0.7888289,1048.0585,640.95306,0.819505,996.5168,692.41943,0.8011109,1166.6019,704.26587,0.66263163,1181.3599,703.1615,0.87714154,1106.4541,695.9818,
213,971.82574,680.2996,0.81477594,1046.4845,640.5874,0.80665207,995.9415,692.06647,0.8059634,1166.1388,703.64526,0.6339805,1180.8649,703.3306,0.8413115,1102.4148,695.22363,
214,969.5569,680.0456,0.8114913,1046.391,640.3566,0.7988747,995.63696,691.7456,0.79505056,1165.3888,703.218,0.6170249,1179.9392,703.2642,0.7732341,1098.3217,694.69366,
215,968.791,680.19073,0.82735,1046.224,640.46765,0.787214,994.8058,691.2834,0.7972421,1163.9908,702.944,0.64205194,1176.8356,704.8783,0.7477731,1095.4832,695.10583,
216,968.1365,680.10236,0.8307804,1044.3827,641.06305,0.7621973,994.02765,690.89734,0.79871166,1163.4454,703.1394,0.61363375,1178.6655,703.93176,0.73865896,1094.2694,694.6406,
217,967.702,680.5178,0.8179269,1044.1644,641.4054,0.7465194,994.00214,691.3303,0.79799163,1163.0607,702.7839,0.6236301,1178.4425,703.6895,0.7799204,1096.5317,694.9037,
218,967.4611,680.3911,0.83197635,1039.891,640.5221,0.82050794,993.2563,690.7975,0.80222344,1162.3397,701.9734,0.6198843,1177.16,703.8338,0.82588655,1096.5315,694.7648,
219,966.91077,680.76904,0.8452316,1038.8353,639.26544,0.79784113,992.86487,690.12213,0.7979534,1161.7192,702.134,0.6648721,1176.8274,703.80365,0.85402715,1097.5284,695.0987,
220,966.2514,680.90466,0.8370802,1037.213,639.2733,0.7981737,992.371,689.48004,0.76576555,1160.0596,702.3447,0.6292468,1175.3859,703.639,0.86167014,1096.0446,695.11456,
221,965.5178,680.6935,0.85801506,1038.1309,640.2245,0.8195274,992.04364,689.42847,0.74211824,1159.4261,702.1951,0.6409433,1174.966,703.05554,0.87426794,1095.0453,694.7384,
222,964.54706,680.3468,0.85129565,1037.0522,640.25525,0.8158124,991.85547,689.10144,0.71641076,1158.479,702.077,0.6148442,1174.0957,702.9191,0.8762884,1093.8416,694.49475,
223,963.77893,680.5258,0.8492539,1035.8374,639.0547,0.789669,990.71936,688.9185,0.6903365,1157.9263,701.32367,0.60655636,1173.382,702.60583,0.87989503,1093.1573,694.2446,
224,962.9048,680.1956,0.83117014,1032.7512,638.2452,0.7723121,990.4206,688.7144,0.65091103,1156.9249,701.23944,0.6376751,1172.4633,702.547,0.8892463,1094.3971,694.31506,
225,962.7562,679.844,0.85051197,1033.3783,639.0695,0.80911183,989.4201,688.12976,0.6269977,1156.4999,701.6427,0.6964203,1172.2727,702.44275,0.9016308,1095.0107,694.3655,
226,961.7203,679.0852,0.83386314,1031.7279,637.85754,0.8090187,984.9045,690.1962,0.64618945,1156.3533,701.8872,0.718615,1171.544,702.127,0.9080562,1095.9991,694.2482,
227,960.8753,678.4116,0.8247492,1031.9646,638.0751,0.8084961,984.5731,689.7132,0.6679747,1155.7102,701.8055,0.71570873,1171.3608,702.0172,0.907131,1095.8584,694.00104,
228,960.23083,678.31616,0.8175477,1029.727,637.7798,0.78391075,983.9742,689.5334,0.67790675,1154.8181,702.37054,0.66335446,1170.5156,702.2189,0.89419425,1093.7478,694.0335,
229,959.34454,678.22095,0.82066435,1028.6774,636.7303,0.7556316,983.50494,689.44183,0.6964575,1154.5641,702.24554,0.7119185,1170.2887,702.29565,0.9022526,1094.592,694.16656,
230,958.1375,678.0061,0.79344183,1029.3185,634.6491,0.7435256,983.0005,688.6172,0.715884,1154.6061,701.81683,0.71281636,1169.9325,702.0612,0.89949787,1095.5393,694.0552,
231,957.4561,676.82825,0.8056739,1028.0488,636.8576,0.781916,982.15674,688.65594,0.7382791,1153.5292,701.64636,0.68717223,1169.0017,702.2292,0.8888694,1092.977,693.46857,
232,956.4603,676.3995,0.8039501,1027.1191,637.33105,0.78930587,981.55347,687.70056,0.74788755,1152.3359,701.6245,0.6396532,1167.8876,702.40106,0.8676556,1090.0405,693.1417,
233,955.6411,675.6475,0.827861,1027.2135,637.45264,0.7965659,981.5297,687.4812,0.74025875,1151.3984,701.8154,0.6850231,1167.1458,702.4025,0.87367934,1089.2582,692.9531,
234,954.8858,675.38055,0.84517807,1025.3793,637.6989,0.7507009,981.13043,686.51605,0.7384684,1150.6301,701.99603,0.6963207,1165.9608,702.36566,0.854608,1087.0532,692.7398,
235,954.12415,675.253,0.8544235,1024.8342,637.4869,0.73902047,980.7945,686.3354,0.7322999,1150.2958,701.55115,0.6967339,1164.9508,701.89496,0.81262934,1084.4249,692.1635,
236,953.0331,674.61316,0.8587282,1026.453,634.10016,0.70620704,979.6779,684.15027,0.72896355,1149.8037,701.51074,0.68232375,1162.0186,704.2646,0.7463775,1079.9193,692.31165,
237,952.47565,674.5939,0.8709897,1026.7977,634.18787,0.72703975,979.1157,684.15906,0.7473944,1148.7753,701.1031,0.71678287,1161.0813,703.6648,0.7619653,1080.0024,692.1075,
238,951.6725,674.37006,0.86659354,1024.9991,637.26416,0.6950777,978.7772,683.3116,0.7483712,1148.0847,701.4523,0.6746444,1163.3378,704.0258,0.7794939,1079.8649,692.2038,
239,951.0496,674.31213,0.8620202,1026.079,633.54974,0.70633453,977.8262,682.4322,0.7446099,1147.0544,701.8969,0.6489272,1162.729,703.89636,0.83556414,1080.6311,692.4753,
240,949.969,674.137,0.8612609,1020.05005,634.3395,0.68111676,976.87555,681.77277,0.7608054,1146.4094,702.1648,0.5962435,1160.7764,703.81396,0.85582584,1078.5891,692.3401,
241,950.1659,673.7683,0.86873835,1021.265,632.2645,0.68194324,976.60364,681.88635,0.7546241,1145.0289,702.6088,0.59847677,1159.9886,703.8684,0.87668365,1078.4006,692.39056,
242,948.9918,673.79333,0.8699538,1020.92664,632.54004,0.7466962,975.796,681.4621,0.73583466,1143.98,702.84357,0.6287965,1159.5933,703.8337,0.9015703,1079.1744,692.6867,
243,948.2629,673.4148,0.8658001,1024.9526,632.5801,0.74088866,975.36316,680.8594,0.72154593,1143.9982,702.77167,0.6311453,1159.625,703.766,0.89838123,1079.1099,692.53345,
244,947.34094,672.8141,0.8423696,1020.7983,632.8208,0.7330045,974.8936,680.21545,0.71038336,1143.695,703.0276,0.6273816,1158.9614,703.5615,0.9048128,1079.8561,692.5129,
245,946.479,672.29486,0.82488865,1021.27356,632.7125,0.738221,974.17786,679.99554,0.6709527,1143.6794,702.93024,0.66417545,1158.6056,703.3918,0.9207288,1081.8793,692.6199,
246,946.23865,672.1029,0.8202347,1021.41406,632.7432,0.73601776,974.0084,679.7483,0.67968553,1142.9232,703.233,0.6445107,1157.5631,703.1127,0.9221954,1080.9918,692.48914,
247,945.73785,671.36865,0.801347,1021.0377,631.94794,0.75455594,973.6592,678.90375,0.6570098,1142.4559,702.94574,0.6035973,1156.9658,702.89514,0.92173976,1080.4513,692.05005,
248,944.283,670.5674,0.7496353,1020.8,631.1704,0.7921553,973.4706,678.1371,0.6457031,1142.1862,702.926,0.5710439,1156.5989,702.91595,0.91511965,1081.7308,692.07245,
249,943.24347,670.2262,0.7350537,1020.5006,630.58984,0.818256,970.0738,679.3782,0.663436,1141.7651,702.8486,0.5025583,1156.1791,702.64435,0.9064978,1079.801,691.5785,
250,939.4397,671.57513,0.73689306,1019.9518,631.5128,0.78787947,968.60223,679.54376,0.6897537,1141.3928,701.68365,0.5756355,1155.6477,701.9321,0.9032212,1080.04,691.7717,
251,939.1912,670.75464,0.75789756,1019.8103,631.0876,0.80376124,967.79987,679.1897,0.71917075,1140.7954,701.53784,0.66373444,1155.0376,701.4737,0.9124147,1080.8992,691.517,
252,939.1643,670.4209,0.7684482,1018.9859,630.51184,0.81582934,967.2681,678.9128,0.73262423,1140.2521,701.0539,0.716872,1153.482,700.9169,0.90876853,1080.7294,691.1694,
253,940.0487,668.3736,0.76434433,1018.7901,630.13434,0.83279985,967.37115,678.305,0.7374721,1138.9731,700.97797,0.7386764,1152.5558,700.5159,0.8929177,1080.575,690.4044,
254,939.09186,667.83,0.7617293,1017.85016,629.89514,0.8287637,966.40845,677.6455,0.7432115,1137.9772,700.8469,0.7279309,1151.4808,700.299,0.8692815,1078.731,689.98346,
255,938.2608,667.16034,0.75193006,1017.09625,630.3227,0.8623019,965.327,677.22784,0.7658746,1136.7172,700.2561,0.7605866,1150.4745,699.98334,0.86667734,1079.0077,689.697,
256,936.63135,668.16766,0.73601735,1017.7088,629.91345,0.86323166,965.26556,676.86285,0.76538855,1135.7118,699.78815,0.7654634,1149.34,699.66077,0.839914,1078.0197,689.80255,
257,938.1831,666.926,0.7674263,1018.2439,629.8864,0.85997826,964.4116,676.6298,0.7756469,1135.1245,699.31866,0.76905066,1148.7565,699.7344,0.8210913,1075.7646,688.9191,
258,937.3591,666.9505,0.7944886,1017.48596,629.25903,0.8657949,963.98285,676.4094,0.77311647,1134.3154,699.1131,0.73813415,1146.2069,702.3632,0.77286506,1070.4291,689.11914,
259,936.48285,663.8402,0.80912054,1017.50476,628.94104,0.87637866,963.7948,675.5807,0.74682003,1134.071,699.34924,0.72574943,1145.5688,702.4231,0.78438306,1069.0269,688.00073,
260,936.46216,663.819,0.80784017,1016.5968,628.6192,0.8848133,963.1417,675.64923,0.7270131,1133.8165,699.176,0.6874545,1145.072,702.1314,0.7784231,1067.5509,687.6257,
261,935.37445,663.49646,0.82765466,1016.4741,627.9501,0.8970551,962.5974,674.43115,0.73735505,1133.517,699.0578,0.64700705,1144.296,702.1552,0.77034694,1064.1676,687.01044,
262,935.1353,663.3658,0.81415826,1016.7985,627.92975,0.87729466,962.00525,674.6375,0.7404329,1132.641,698.76996,0.62026584,1143.7465,701.79926,0.7507452,1062.869,686.6197,
263,934.4015,663.1692,0.8421435,1017.4441,627.0931,0.87209004,961.35913,673.8083,0.7330128,1131.2964,698.6642,0.6238989,1146.7893,701.22473,0.7878196,1063.1431,686.2967,
264,933.69867,663.0177,0.8442892,1017.1178,626.2249,0.86124057,961.81256,673.1621,0.7096278,1130.1133,698.082,0.6373944,1145.2363,697.72144,0.818599,1063.4037,685.0838,
265,932.92303,662.78015,0.832493,1016.40704,625.9812,0.85025007,961.685,672.56525,0.68271697,1128.8835,697.9808,0.69103,1144.7682,697.05426,0.86474353,1066.3279,685.3752,
266,931.6973,662.0147,0.8165251,1014.8072,625.38275,0.82003635,961.1629,672.233,0.6450376,1127.8878,697.41144,0.68884057,1143.831,696.4266,0.88516194,1066.779,684.9564,
267,931.30054,662.49274,0.826665,1014.2653,624.59375,0.79365045,960.77185,672.3991,0.6442355,1127.2041,697.3859,0.69747597,1143.3422,696.207,0.9014749,1066.4366,685.05597,
268,930.17004,662.0966,0.8156965,1013.9371,624.36926,0.77384317,959.8657,672.44434,0.6191325,1126.225,697.4565,0.7011571,1142.1799,696.0806,0.91525376,1066.475,685.07947,
269,930.04816,662.1862,0.82711697,1013.0734,624.15717,0.777344,959.87537,669.7374,0.59703743,1128.3907,696.36743,0.67103374,1141.2703,696.0544,0.9078847,1065.0669,684.4989,
270,929.8075,662.2636,0.80080026,1013.9195,624.35565,0.7792169,959.944,669.51135,0.58206576,1127.5101,695.8468,0.6576377,1140.689,695.42664,0.8975453,1065.3315,684.2718,
271,928.8936,661.57916,0.8259225,1012.96564,623.7861,0.7205964,959.352,668.12415,0.5989432,1126.998,695.4559,0.7340249,1139.9056,694.79553,0.9207303,1065.8315,683.93176,
272,928.44653,661.0048,0.81933063,1012.52924,623.4701,0.654203,952.69904,672.154,0.60511893,1125.922,695.3103,0.72117007,1139.2316,694.36255,0.9168016,1065.0441,683.5183,
273,926.9154,660.66925,0.796468,1011.1697,622.86804,0.63642675,952.2921,671.6198,0.6287141,1125.5282,695.49225,0.726725,1138.7667,694.18665,0.9233201,1065.8656,683.6628,
274,926.36957,660.3723,0.7860799,1011.2489,622.8063,0.64394736,951.35675,671.1448,0.64900404,1124.69,694.3094,0.73714167,1137.8566,693.55176,0.92056775,1065.8572,683.10767,
275,926.27527,659.5888,0.78372246,1010.8475,622.32117,0.6456188,950.92725,670.899,0.67772996,1123.4032,694.0991,0.8379159,1137.4429,693.03906,0.94249594,1068.312,683.1615,
276,925.3262,659.8923,0.78493273,1010.60583,621.6975,0.613552,950.5761,670.9112,0.681603,1122.436,693.7109,0.8420716,1135.9323,693.0126,0.93550116,1066.9855,683.0968,
277,923.0405,659.59515,0.79558164,1004.1792,621.08905,0.6146812,950.065,670.50714,0.68236613,1121.5616,693.5562,0.85081327,1135.3335,692.8739,0.93323594,1065.3182,682.83545,
278,922.5738,658.86444,0.818919,1003.18945,620.8777,0.6480368,949.45404,669.79736,0.686991,1120.6296,693.232,0.83526313,1134.2963,693.03503,0.91656625,1062.411,682.21387,
279,922.0238,658.72296,0.84028745,1002.77515,620.90186,0.65373313,949.31244,669.72974,0.69523066,1119.5553,692.6094,0.8606232,1134.2009,692.15204,0.9278674,1061.5839,681.61615,
280,921.2014,658.42346,0.8518745,1002.6145,621.4073,0.6858706,950.34247,668.7616,0.6967333,1118.5261,691.9445,0.8486644,1133.6655,691.83044,0.9210623,1059.7256,681.01196,
281,920.327,658.8823,0.8477552,1001.3842,621.6408,0.723502,949.62067,668.41003,0.72517794,1118.0375,691.18396,0.84209484,1133.2931,691.4231,0.91806686,1059.1382,680.7679,
282,919.94037,658.3905,0.8577293,1000.16437,619.77075,0.724476,948.1741,667.9917,0.73055565,1116.928,690.0545,0.81840366,1132.1298,690.49884,0.907298,1056.8646,679.69775,
283,919.22595,658.6001,0.8709276,1000.2398,619.9214,0.7129895,947.45215,667.46826,0.7405642,1116.0292,689.66626,0.8206024,1131.1526,690.3563,0.88430196,1054.6791,679.39923,
284,918.27704,659.0416,0.8700809,999.87573,620.3448,0.6739413,946.71515,667.3795,0.7411737,1115.2911,689.31537,0.77292514,1128.8497,691.35614,0.8565235,1051.3572,679.47644,
285,918.4386,658.8374,0.8689893,1000.8233,619.44495,0.5917084,946.9812,667.10266,0.7336801,1114.3427,687.3307,0.7358969,1130.2313,688.9802,0.8867171,1051.6722,677.9802,
286,917.0255,658.9935,0.85817313,989.5114,618.3798,0.50302184,945.4404,667.00604,0.7322677,1112.8558,685.2391,0.7635835,1129.413,687.87555,0.8759976,1051.3796,677.14636,
287,915.35675,659.55365,0.86404234,997.8188,618.9002,0.5178221,944.73737,666.516,0.7203655,1112.2401,684.7597,0.79421383,1128.1216,686.7641,0.9058455,1051.5056,676.97394,
288,913.3372,660.04034,0.8518833,986.79584,618.5128,0.5630033,943.17395,665.75745,0.66906095,1111.0935,683.5915,0.8248551,1127.0156,685.82544,0.89951915,1051.2614,676.5839,
289,911.795,660.1584,0.82907784,986.91125,618.37115,0.5846997,942.29175,665.92346,0.638736,1110.3414,683.26355,0.84280396,1126.2015,684.8712,0.8895722,1051.5851,676.3433,
290,910.8202,660.3556,0.8066911,984.99457,617.8596,0.57524526,937.30475,667.5722,0.62729746,1110.494,680.1613,0.81852645,1125.167,680.59,0.9215801,1052.5574,674.043,
291,910.6996,659.9608,0.80651146,983.7596,616.4361,0.5464692,936.6288,667.9013,0.66174525,1108.5631,679.1665,0.8510122,1123.5887,678.6804,0.9448865,1052.6989,673.03796,
292,909.5422,659.9377,0.80305827,984.5373,618.1948,0.53939515,936.4138,669.0118,0.66956294,1107.493,678.5994,0.84973776,1122.8398,677.4753,0.9502296,1052.0256,672.43176,
293,908.41235,659.8974,0.80769515,983.5241,616.5453,0.5097779,935.2072,668.78455,0.69998306,1105.647,677.88824,0.86677134,1121.9525,676.29803,0.9554785,1050.9972,671.7853,
294,907.8458,660.12085,0.79355985,983.05975,615.4419,0.5677202,934.2698,668.4977,0.7174374,1105.0084,676.1367,0.87778556,1121.4896,674.8026,0.9603725,1051.571,670.8205,
295,907.4106,660.1308,0.81304383,983.8138,615.78864,0.5755195,933.3033,668.24506,0.72777843,1103.506,676.03076,0.8967004,1120.3906,673.9865,0.9604494,1049.8705,670.4541,
296,904.6369,660.36945,0.8158446,982.90326,614.8802,0.5737918,932.41846,668.11945,0.7247314,1102.8036,675.3905,0.89560616,1119.5361,673.67065,0.95410144,1048.14,670.1774,
297,904.0468,660.27545,0.8194433,981.5421,614.34283,0.57361156,930.92377,667.6217,0.72466683,1102.0797,674.748,0.89330506,1118.6581,673.68146,0.950287,1047.0588,669.91406,
298,903.60394,660.6132,0.821878,971.6127,616.81506,0.49136195,930.20355,666.9467,0.73296714,1101.0939,673.65375,0.8678705,1117.8245,672.8009,0.9316177,1045.1207,669.262,
299,903.39716,660.9691,0.8222429,971.20935,615.29346,0.51654726,929.71985,666.26276,0.7275147,1100.1676,673.34094,0.8480318,1116.2975,672.2636,0.89641243,1042.7651,669.00134,
300,902.5578,660.90344,0.8222967,971.4764,615.26636,0.5109154,929.62213,666.44495,0.7069604,1099.5491,671.8742,0.8087757,1112.9094,673.7903,0.8847037,1039.8596,668.96216,
301,901.5707,661.1618,0.82046425,971.1493,615.15765,0.59577537,929.27637,666.2875,0.6994967,1098.6663,670.5871,0.7950345,1114.2194,671.9753,0.8955592,1039.8141,668.00256,
302,900.055,661.3744,0.8199689,970.3807,615.2845,0.5931846,927.98254,665.5165,0.69427806,1097.8007,670.1337,0.7810842,1113.2953,671.43085,0.90802705,1038.7847,667.7406,
303,899.37146,661.84076,0.8265423,969.7011,615.0702,0.6607567,927.09424,665.5922,0.6765491,1096.4779,669.24384,0.8348435,1112.455,670.54816,0.91568804,1038.9371,667.3329,
304,898.766,662.0646,0.81005585,969.0466,614.8423,0.66037613,926.56744,666.3112,0.6671302,1095.3641,668.7676,0.8693666,1111.375,669.96344,0.92147654,1039.8057,667.1036,
305,897.5138,661.7775,0.82447755,969.1457,614.93677,0.65397877,926.49286,666.0578,0.6640415,1093.9333,668.50696,0.8870016,1110.466,669.45496,0.92488754,1038.3065,666.73505,
306,896.2741,661.5604,0.81092435,967.84814,615.57837,0.6581259,925.92706,665.80585,0.6266771,1092.8326,667.4731,0.88377625,1109.1694,668.33795,0.9135597,1037.4435,665.93774,
307,894.89856,661.4453,0.798666,967.8319,615.82825,0.672052,921.7381,668.2705,0.65256745,1092.1948,667.0242,0.88658977,1107.9958,667.49457,0.90859,1036.9806,665.4712,
308,894.84106,661.8152,0.7937439,968.21094,614.22205,0.65151525,921.5303,668.2993,0.6520369,1091.3495,666.44775,0.8857441,1107.9628,665.3499,0.9166061,1037.1337,664.64374,
309,893.8427,661.564,0.7679705,968.5773,614.0368,0.65206385,920.9464,668.60785,0.6613664,1090.408,666.2465,0.88519174,1107.491,664.9348,0.92048186,1037.8632,664.3801,
310,893.3484,661.5914,0.7489167,967.7173,613.9891,0.6645818,920.1397,668.2674,0.6727975,1089.09,665.38153,0.8534535,1105.6432,663.55695,0.9306619,1037.2988,663.5906,
311,892.5596,661.07886,0.75067145,967.4099,613.7767,0.67308533,919.5231,668.10474,0.7072474,1089.7064,664.2268,0.87337345,1105.2205,662.46155,0.94162804,1037.7185,662.6579,
312,891.5422,662.5191,0.75002193,966.5355,613.8319,0.64970845,917.92725,670.5988,0.7165519,1088.8287,663.3643,0.8720799,1105.0408,661.81757,0.94025487,1037.0304,662.5493,
313,891.3111,662.2602,0.76684195,965.2013,613.9279,0.63110495,917.3723,669.9793,0.7199593,1088.3296,662.9967,0.87763286,1104.5795,661.28986,0.94557756,1035.9304,662.1555,
314,890.69196,662.0907,0.75235856,964.8599,613.6681,0.65220577,916.6993,670.20807,0.72986114,1086.8755,662.381,0.8795197,1103.3994,660.8229,0.9427309,1035.5967,661.72565,
315,890.22943,663.397,0.7614546,965.171,613.4701,0.600285,916.7599,670.5119,0.7341553,1085.534,662.29785,0.87737495,1102.2249,660.7221,0.94037765,1033.9601,662.04785,
316,889.7114,662.4558,0.7667378,964.6879,614.1094,0.6162978,915.8881,666.983,0.7195803,1084.8318,661.62195,0.86432505,1101.3467,660.3209,0.9227703,1032.218,661.4022,
317,889.1407,662.11334,0.7660303,957.00446,614.3832,0.609139,915.5646,666.8733,0.72847176,1084.0149,661.1268,0.8426108,1100.2223,660.38336,0.903157,1030.4111,661.16034,
318,887.9963,662.2024,0.7626683,954.59125,614.4115,0.68309706,915.114,666.50055,0.7210349,1083.24,660.3337,0.807322,1098.3978,659.78986,0.8501303,1027.0361,660.73157,
319,886.9928,662.90076,0.77983266,952.3545,614.6817,0.7224537,913.9501,669.7795,0.7302654,1082.2085,660.5127,0.78602505,1098.917,659.6523,0.86244,1025.4504,660.974,
320,886.59863,662.6214,0.7802024,951.0238,615.06464,0.75418985,914.0671,666.3166,0.7327008,1080.9208,660.26776,0.7960381,1098.2404,659.1621,0.8840213,1025.5203,660.6169,
321,886.3952,663.7643,0.77196765,949.8148,615.62134,0.74728954,913.2064,666.7101,0.7085623,1079.3944,660.0652,0.79387176,1097.3141,658.6192,0.8980281,1025.4562,660.69714,
322,885.77814,664.2062,0.77967155,948.8782,615.5563,0.72664344,912.71576,669.69775,0.71201634,1078.1254,660.66125,0.8004591,1095.9578,658.3984,0.924508,1024.8317,660.9295,
323,885.2179,663.9658,0.80179924,949.32526,615.1136,0.7263955,912.30255,666.82526,0.71862864,1077.3767,660.25555,0.8074949,1095.8787,657.9553,0.92936844,1023.4595,660.5853,
324,883.65906,663.8524,0.79566765,948.882,615.7523,0.7327182,910.65015,669.7826,0.68009144,1079.1676,659.14465,0.79947835,1094.4879,657.29596,0.9256348,1023.0823,659.9518,
325,882.0066,663.49927,0.79235595,949.5073,614.792,0.7122607,909.42914,670.20935,0.649788,1077.7727,658.9768,0.8231607,1093.6301,657.0623,0.9351517,1022.77246,659.6798,
326,881.70575,663.3967,0.79452586,949.97296,614.08246,0.6840436,908.7276,666.0938,0.60960764,1077.4681,658.5971,0.8213243,1092.685,657.0474,0.9332695,1022.0228,659.5257,
327,880.5722,663.16016,0.7898606,949.5989,614.1476,0.70258486,908.68146,666.15283,0.61791486,1076.2839,658.88947,0.83885956,1092.3083,656.873,0.9448416,1022.10046,659.4599,
328,879.90216,663.56244,0.7812402,947.38965,614.0039,0.7014207,904.0831,671.8354,0.6320643,1075.2086,658.0854,0.81258047,1091.3159,656.73755,0.94062865,1020.9837,659.27344,
329,879.02783,663.63025,0.7822277,942.2383,616.5207,0.68351984,903.451,671.8623,0.6581844,1073.9413,657.9778,0.8226637,1090.6011,656.7145,0.9419909,1020.239,659.2466,
330,876.723,666.23364,0.7666946,940.3415,616.94824,0.6751683,902.9904,671.75006,0.67347735,1072.3872,658.24084,0.834431,1089.8832,657.0804,0.94713306,1020.0206,660.2143,
331,877.6791,663.6964,0.7750911,939.5644,616.3729,0.6996029,902.98694,671.7849,0.6865881,1071.3632,658.51013,0.8638686,1089.3013,656.99493,0.9534243,1020.0513,659.5035,
332,877.1834,663.3519,0.780093,940.5318,614.4016,0.71760106,902.3873,671.3174,0.6934691,1070.1918,658.62317,0.87645537,1088.4369,657.1152,0.95611,1019.2398,659.4832,
333,876.5641,663.8513,0.77417135,939.43964,613.68445,0.7500365,902.40314,671.21375,0.6915605,1068.9512,658.15894,0.8661881,1087.7689,656.977,0.9519179,1018.4058,659.4249,
334,874.4618,667.12823,0.7719857,937.3778,613.3587,0.7875895,901.0382,671.2786,0.7131556,1068.2059,658.16986,0.85226434,1086.3427,656.4322,0.94034564,1016.5358,660.2293,
335,875.4699,664.7928,0.78091764,936.7347,614.16766,0.7949072,900.15625,671.0115,0.7205898,1067.1678,658.0013,0.8351629,1084.979,656.0579,0.9225964,1014.67285,659.38416,
336,875.0805,664.2468,0.78666633,935.3209,614.9442,0.7972241,900.33563,670.61694,0.7279147,1067.5472,657.9413,0.82061714,1084.228,655.5274,0.88544333,1012.7329,659.0738,
337,874.5402,664.58154,0.79116607,934.84314,614.9988,0.79128253,899.8707,670.54913,0.7335162,1066.6686,657.96313,0.81917614,1083.0629,655.50714,0.85754085,1010.7718,659.2315,
338,872.7825,664.42773,0.7928641,933.37964,614.4208,0.78409976,899.7275,670.8503,0.72950196,1065.1497,657.6825,0.7620177,1081.3439,656.84064,0.8355443,1007.0052,659.6255,
339,872.6364,665.48724,0.8099666,933.71375,613.2972,0.7914788,899.3036,671.14923,0.73690045,1064.3152,657.33813,0.7568972,1080.8739,656.36957,0.8407635,1005.61365,659.7414,
340,872.1417,665.2136,0.8159459,933.4656,613.94727,0.75746346,898.8812,670.7523,0.7362864,1063.5583,658.51605,0.74165833,1081.2559,655.4319,0.8514238,1004.97974,659.6945,
